l2units_build.ps1	50	TP	-not (Test-Path -LiteralPath (Join-Path 'l2src' ([IO.Path]::GetFileNameWithoutExtension($_.Name) + '.lm1'))) || } | Sort-Object Name) || if ($units.Count -eq 0) { return @() }
l2units_build.ps1	64	TP	if (Test-Path -LiteralPath $header) { || $hdrDir = Join-Path $IncludeDirs[0] 'l2src' || New-Item -ItemType Directory -Force -Path $hdrDir | Out-Null
run_array_owned.ps1	8	TS	if ($pin -notmatch '^[0-9A-F]{64}$') { throw "L1_PIN.txt must hold one 64-hex SHA256, got 'pin=$pin'" } || if ((Get-FileHash -LiteralPath $compiler).Hash -ne $pin) { throw 'Stable compiler pin mismatch' } || $runId = (Get-Date -Format 'yyyyMMdd_HHmmss_fff') + '_' + [guid]::NewGuid().ToString('N').Substring(0,8)
run_array_owned.ps1	9	TS	if ((Get-FileHash -LiteralPath $compiler).Hash -ne $pin) { throw 'Stable compiler pin mismatch' } || $runId = (Get-Date -Format 'yyyyMMdd_HHmmss_fff') + '_' + [guid]::NewGuid().ToString('N').Substring(0,8) || $run = Join-Path $repo "build/codex/array_owned/$runId"
run_array_owned.ps1	21	TS	foreach ($source in $sources) { $hashes[$source] = (Get-FileHash -LiteralPath $source).Hash } || $gcc = (Get-Command gcc -ErrorAction Stop).Source || $nm = (Get-Command nm -ErrorAction Stop).Source
run_array_owned.ps1	25	TS	$evidence = [ordered]@{result='RUNNING'; compiler=$compiler; compilerSHA256=$pin; gcc=$gcc; gccSHA256=(Get-FileHash -LiteralPath $gcc).Hash; options=$flags; sources=$hashes; stages=@()} || function Invoke-ArrayStage([string]$Name, [string]$Tool, [string[]]$NativeArgs) { || $options = @{}
run_array_owned.ps1	31	SP	$process = Start-Process -FilePath $Tool @options -WorkingDirectory $baseline -WindowStyle Hidden -PassThru -RedirectStandardOutput $stdout -RedirectStandardError $stderr || $processHandle = $process.Handle || if (-not $process.WaitForExit(60000)) {
run_array_owned.ps1	73	TS	if ((Get-FileHash -LiteralPath $source).Hash -ne $hashes[$source]) { throw "Source changed: $source" } || } || if ((Get-FileHash -LiteralPath $compiler).Hash -ne $pin -or (Get-FileHash -LiteralPath $gcc).Hash -ne $evidence.gccSHA256) { throw 'Toolchain changed during verification' }
run_array_owned.ps1	75	TS	if ((Get-FileHash -LiteralPath $compiler).Hash -ne $pin -or (Get-FileHash -LiteralPath $gcc).Hash -ne $evidence.gccSHA256) { throw 'Toolchain changed during verification' } || $evidence.artifacts = @{} || Get-ChildItem -LiteralPath $run -Recurse -File | ForEach-Object { $evidence.artifacts[$_.FullName] = (Get-FileHash -LiteralPath $_.FullName).Hash }
run_array_owned.ps1	77	TS	Get-ChildItem -LiteralPath $run -Recurse -File | ForEach-Object { $evidence.artifacts[$_.FullName] = (Get-FileHash -LiteralPath $_.FullName).Hash } || $evidence.result = 'PASS' || } catch {
run_array_ref_owned.ps1	8	TS	if ($pin -notmatch '^[0-9A-F]{64}$') { throw "L1_PIN.txt must hold one 64-hex SHA256, got 'pin=$pin'" } || if ((Get-FileHash -LiteralPath $compiler).Hash -ne $pin) { throw 'Stable compiler pin mismatch' } || $runId = (Get-Date -Format 'yyyyMMdd_HHmmss_fff') + '_' + [guid]::NewGuid().ToString('N').Substring(0,8)
run_array_ref_owned.ps1	9	TS	if ((Get-FileHash -LiteralPath $compiler).Hash -ne $pin) { throw 'Stable compiler pin mismatch' } || $runId = (Get-Date -Format 'yyyyMMdd_HHmmss_fff') + '_' + [guid]::NewGuid().ToString('N').Substring(0,8) || $run = Join-Path $repo "build/codex/array_ref_owned/$runId"
run_array_ref_owned.ps1	21	TS	foreach ($source in $sources) { $hashes[$source] = (Get-FileHash -LiteralPath $source).Hash } || $gcc = (Get-Command gcc -ErrorAction Stop).Source || $nm = (Get-Command nm -ErrorAction Stop).Source
run_array_ref_owned.ps1	25	TS	$evidence = [ordered]@{result='RUNNING'; compiler=$compiler; compilerSHA256=$pin; gcc=$gcc; gccSHA256=(Get-FileHash -LiteralPath $gcc).Hash; options=$flags; sources=$hashes; stages=@()} || function Invoke-ArrayStage([string]$Name, [string]$Tool, [string[]]$NativeArgs) { || $options = @{}
run_array_ref_owned.ps1	31	SP	$process = Start-Process -FilePath $Tool @options -WorkingDirectory $baseline -WindowStyle Hidden -PassThru -RedirectStandardOutput $stdout -RedirectStandardError $stderr || $processHandle = $process.Handle || if (-not $process.WaitForExit(60000)) {
run_array_ref_owned.ps1	73	TS	if ((Get-FileHash -LiteralPath $source).Hash -ne $hashes[$source]) { throw "Source changed: $source" } || } || if ((Get-FileHash -LiteralPath $compiler).Hash -ne $pin -or (Get-FileHash -LiteralPath $gcc).Hash -ne $evidence.gccSHA256) { throw 'Toolchain changed during verification' }
run_array_ref_owned.ps1	75	TS	if ((Get-FileHash -LiteralPath $compiler).Hash -ne $pin -or (Get-FileHash -LiteralPath $gcc).Hash -ne $evidence.gccSHA256) { throw 'Toolchain changed during verification' } || $evidence.artifacts = @{} || Get-ChildItem -LiteralPath $run -Recurse -File | ForEach-Object { $evidence.artifacts[$_.FullName] = (Get-FileHash -LiteralPath $_.FullName).Hash }
run_array_ref_owned.ps1	77	TS	Get-ChildItem -LiteralPath $run -Recurse -File | ForEach-Object { $evidence.artifacts[$_.FullName] = (Get-FileHash -LiteralPath $_.FullName).Hash } || $evidence.result = 'PASS' || } catch {
run_candidate_c_scanners.ps1	15	TS	if ($pin -notmatch '^[0-9A-F]{64}$') { throw "L1_PIN.txt must hold one 64-hex SHA256, got 'pin=$pin'" } || if((Get-FileHash $l1trans).Hash -ne $pin) {throw 'Stable compiler pin mismatch'} || $run=Join-Path $repo ('build/codex/candidate_c_scanners/'+(Get-Date -Format 'yyyyMMdd_HHmmss_fff'))
run_candidate_c_scanners.ps1	16	TS	if((Get-FileHash $l1trans).Hash -ne $pin) {throw 'Stable compiler pin mismatch'} || $run=Join-Path $repo ('build/codex/candidate_c_scanners/'+(Get-Date -Format 'yyyyMMdd_HHmmss_fff')) || $sourceRoot=Join-Path $run 'source'
run_candidate_c_scanners.ps1	22	DOT	. (Join-Path $PSScriptRoot 'run_l2trans.ps1') -BuildOnly -OutputDirectory 'build/c_scanners_runtime' -TranslatorPath $l1trans || # Its object paths are relative to stg/l1_baseline; this gate compiles and || # links from inside its snapshot, so make them rooted.
run_candidate_c_scanners.ps1	31	TS	foreach($obj in $objects){$runtimeObjectHashes[$obj]=(Get-FileHash $obj).Hash} || # Build the current frontend with the pinned stable L1 compiler. || $currentL2C=Join-Path $run 'l2trans.current.c'
run_candidate_c_scanners.ps1	55	TS	$evidence=[ordered]@{result='FAIL';stages=@();compiler=$l1trans;compilerSHA256=$pin;l2Compiler=$l2exe;coreCommit=((git -C $repo rev-parse HEAD) -join '');currentL2TranslatorSourceSHA256=(Get-FileHash (Join-Path $PSScriptRoot 'l2trans.lm1')).Hash;sources=@{};reusedObjects=$runtimeObjectHashes} || $inputs=@('parser_c_quoted.lm2','parser_c_surface.lm2','parser_text_predicates.lm2','parser_position.lm2','parser_c_quote_diagnostics.lm2','parser_python_string.lm2','parser_python_diagnostics.lm2','parser_quoted_diagnostics.lm2','parser_dash_fence.lm2','parser_matching_paren.lm2','parser_matching_bracket.lm2','lmx.h','lmx_message.h','lmx_array_ref_owned.h.lm1','tests/l2_c_scanners_parse_driver.lm1','run_candidate_c_scanners.ps1') || foreach($file in $inputs){
run_candidate_c_scanners.ps1	60	TS	$evidence.sources[$src]=(Get-FileHash $src).Hash || } || foreach($file in @('parser.lm1','parser_text.lm1','own.lm1')){
run_candidate_c_scanners.ps1	64	TS	$evidence.sources[$src]=(Get-FileHash $src).Hash || if((Get-FileHash (Join-Path $work "l1src/$file")).Hash -ne $evidence.sources[$src]){throw "Frozen source drift $file"} || }
run_candidate_c_scanners.ps1	65	TS	if((Get-FileHash (Join-Path $work "l1src/$file")).Hash -ne $evidence.sources[$src]){throw "Frozen source drift $file"} || } || function Check([string]$name){
run_candidate_c_scanners.ps1	255	TS	if($cached.compilerSHA256 -ne $pin){throw 'Oracle cache profile changed'} || foreach($source in $cached.sources.PSObject.Properties){ || if($source.Name -match '[\\/]l1src[\\/]' -and (Get-FileHash $source.Name).Hash -ne $source.Value){throw 'Oracle cache frozen source changed'}
run_candidate_c_scanners.ps1	257	TS	if($source.Name -match '[\\/]l1src[\\/]' -and (Get-FileHash $source.Name).Hash -ne $source.Value){throw 'Oracle cache frozen source changed'} || } || $cachedRoot=Join-Path (Split-Path -Parent $OracleEvidence) 'source/stg/l1_baseline'
run_candidate_c_scanners.ps1	265	TS	if((Get-FileHash $artifact).Hash -ne $cached.artifacts.$artifact){throw 'Oracle cache artifact changed'} || Copy-Item -LiteralPath $artifact -Destination "$out/parser_oracle.$ext" || }
run_candidate_c_scanners.ps1	335	TS	Get-ChildItem (Join-Path $work $out) -File -Recurse | ForEach-Object{$evidence.artifacts[$_.FullName]=(Get-FileHash $_.FullName).Hash} || foreach($obj in $objects){if((Get-FileHash $obj).Hash -ne $runtimeObjectHashes[$obj]){throw "Changed reused object $obj"}} || $evidence | ConvertTo-Json -Depth 7 | Set-Content "$run/evidence.json" -Encoding utf8
run_candidate_c_scanners.ps1	336	TS	foreach($obj in $objects){if((Get-FileHash $obj).Hash -ne $runtimeObjectHashes[$obj]){throw "Changed reused object $obj"}} || $evidence | ConvertTo-Json -Depth 7 | Set-Content "$run/evidence.json" -Encoding utf8 || Write-Output "Candidate scanner evidence: $run result=$($evidence.result)"
run_candidate_indent.ps1	33	TP	if (-not (Test-Path -LiteralPath $sourceLm1)) { throw "missing $sourceLm1 (translate $sourceBase.lm2 first)" } || $text = [System.IO.File]::ReadAllText((Resolve-L2Path $sourceLm1)).Replace("`r`n", "`n") || if ($text -notmatch '(?m)^external:' -or $text -notmatch '@: Lmx unit 0') { throw "$sourceBase lm1 missing generated entry" }
run_candidate_indent.ps1	109	TS	$frozenHash = (Get-FileHash -Algorithm SHA256 $frozenParser).Hash || $headParser = (git -C (Resolve-L2Path "..\..") rev-parse "HEAD:stg/l1_baseline/l1src/parser.lm1").Trim() || $workParser = (git -C (Resolve-L2Path "..\..") hash-object "stg/l1_baseline/l1src/parser.lm1").Trim()
run_candidate_indent.ps1	167	TP	if (-not (Test-Path -LiteralPath $indentLm1)) { throw "missing $indentLm1 (run Invoke-IndentStack first)" } || $ilm1 = [System.IO.File]::ReadAllText((Resolve-L2Path $indentLm1)).Replace("`r`n", "`n") || if ($ilm1 -notmatch '(?m)^external:') { throw "indent lm1 missing external" }
run_candidate_indent.ps1	224	TP	if (-not (Test-Path -LiteralPath $layLm1)) { throw "missing $layLm1 (run Invoke-ScanLayoutPrefix first)" } || $llm1 = [System.IO.File]::ReadAllText((Resolve-L2Path $layLm1)).Replace("`r`n", "`n") || if ($llm1 -notmatch '(?m)^external:') { throw "layout lm1 missing external" }
run_candidate_indent.ps1	264	TP	if (-not (Test-Path -LiteralPath $regLm1)) { throw "missing $regLm1 (translate parser_registry_compact.lm2 first)" } || $rlm1 = [System.IO.File]::ReadAllText((Resolve-L2Path $regLm1)).Replace("`r`n", "`n") || if ($rlm1 -notmatch '(?m)^external:' -or $rlm1 -notmatch '@: Lmx unit 0') { throw "registry compact lm1 missing generated entry" }
run_candidate_indent.ps1	298	TP	if (-not (Test-Path -LiteralPath $cqLm1)) { throw "missing $cqLm1 (translate parser_c_quoted.lm2 first)" } || $cqlm1 = [System.IO.File]::ReadAllText((Resolve-L2Path $cqLm1)).Replace("`r`n", "`n") || if ($cqlm1 -notmatch '(?m)^external:' -or $cqlm1 -notmatch '@: Lmx unit 0') { throw "C quoted lm1 missing generated entry" }
run_candidate_indent.ps1	336	TP	if (-not (Test-Path -LiteralPath $pyLm1)) { throw "missing $pyLm1 (translate parser_python_string.lm2 first)" } || $pylm1 = [System.IO.File]::ReadAllText((Resolve-L2Path $pyLm1)).Replace("`r`n", "`n") || if ($pylm1 -notmatch '(?m)^external:' -or $pylm1 -notmatch '@: Lmx unit 0') { throw "Python string lm1 missing generated entry" }
run_candidate_indent.ps1	374	TP	if (-not (Test-Path -LiteralPath $phLm1)) { throw "missing $phLm1 (translate parser_physical_line.lm2 first)" } || $phlm1 = [System.IO.File]::ReadAllText((Resolve-L2Path $phLm1)).Replace("`r`n", "`n") || if ($phlm1 -notmatch '(?m)^external:' -or $phlm1 -notmatch '@: Lmx unit 0') { throw "physical-line lm1 missing generated entry" }
run_candidate_indent.ps1	443	TS	$candHash = (Get-FileHash -Algorithm SHA256 (Resolve-L2Path $candExe)).Hash || $stgPt = "build\l1trans\gen2\printTree.exe" || if (-not (Test-Path -LiteralPath $stgPt)) { throw "missing STG gen2 printTree $stgPt" }
run_candidate_indent.ps1	445	TP	if (-not (Test-Path -LiteralPath $stgPt)) { throw "missing STG gen2 printTree $stgPt" } || $stgHash = (Get-FileHash -Algorithm SHA256 (Resolve-L2Path $stgPt)).Hash || $lm0 = (Resolve-L2Path "..\..\build\lm0\printTree.lm0.exe")
run_candidate_indent.ps1	446	TS	$stgHash = (Get-FileHash -Algorithm SHA256 (Resolve-L2Path $stgPt)).Hash || $lm0 = (Resolve-L2Path "..\..\build\lm0\printTree.lm0.exe") || if (-not (Test-Path -LiteralPath $lm0)) { $lm0 = "C:\Nyasha_Planet\lingvamyxa\build\lm0\printTree.lm0.exe" }
run_candidate_indent.ps1	448	TP	if (-not (Test-Path -LiteralPath $lm0)) { $lm0 = "C:\Nyasha_Planet\lingvamyxa\build\lm0\printTree.lm0.exe" } || $lm0Hash = "missing" || if (Test-Path -LiteralPath $lm0) { $lm0Hash = (Get-FileHash -Algorithm SHA256 $lm0).Hash }
run_candidate_indent.ps1	450	TP	if (Test-Path -LiteralPath $lm0) { $lm0Hash = (Get-FileHash -Algorithm SHA256 $lm0).Hash } ||  || $pinnedRev = "620db8612c32569c8dd507cca135d5d076144e9f"
run_candidate_indent.ps1	455	TP	if (-not (Test-Path -LiteralPath $pinnedExe)) { throw "missing pinned 620 parser $pinnedExe" } || $pinnedHash = (Get-FileHash -Algorithm SHA256 $pinnedExe).Hash || if ($pinnedHash -ne $pinnedWant) { throw "pinned 620 printTree hash $pinnedHash want $pinnedWant" }
run_candidate_indent.ps1	456	TS	$pinnedHash = (Get-FileHash -Algorithm SHA256 $pinnedExe).Hash || if ($pinnedHash -ne $pinnedWant) { throw "pinned 620 printTree hash $pinnedHash want $pinnedWant" } || if ($lm0Hash -eq $pinnedWant) { throw "build/lm0/printTree.lm0.exe unexpectedly equals pinned 620 hash; do not treat it as the oracle by convenience" }
run_candidate_indent.ps1	474	TP	if (Test-Path -LiteralPath (Join-Path $repo $e)) { $corpus += $e } || } || 
run_candidate_indent.ps1	481	SP	$p = Start-Process -FilePath $exeFull -ArgumentList $src -NoNewWindow -Wait -PassThru -RedirectStandardOutput $outFull -RedirectStandardError $errFull || return $p.ExitCode || }
run_candidate_indent.ps1	499	TP	if (-not (Test-Path -LiteralPath $rootSrc)) { throw "missing corpus $src at $rootSrc" } || $stem = [IO.Path]::GetFileNameWithoutExtension($src) || $cOut = Join-Path $treeDir ($stem + ".cand.out")
run_candidate_indent.ps1	525	TP	if (Test-Path -LiteralPath $gold) { || $g = (Read-Norm $gold).TrimEnd() || $at = $a.TrimEnd()
run_candidate_indent.ps1	541	TP	if (Test-Path -LiteralPath $gold) { || $g = (Read-Norm $gold).TrimEnd() || $ptxt = (Read-Norm $pOut).TrimEnd()
run_candidate_indent.ps1	552	TS	"candidate_sha256=$candHash" || "stg_printTree=$stgPt" || "stg_printTree_sha256=$stgHash"
run_candidate_indent.ps1	554	TS	"stg_printTree_sha256=$stgHash" || "lm0_printTree=$lm0" || "lm0_printTree_sha256=$lm0Hash"
run_candidate_indent.ps1	556	TS	"lm0_printTree_sha256=$lm0Hash" || "lm0_note=checkout dump client; not the pinned 620db86 oracle" || "pinned_rev=$pinnedRev"
run_candidate_indent.ps1	560	TS	"pinned_sha256=$pinnedHash" || "frozen_parser_sha256=$frozenHash" || "frozen_parser_git=$workParser"
run_candidate_indent.ps1	561	TS	"frozen_parser_sha256=$frozenHash" || "frozen_parser_git=$workParser" || "probe=$probeText"
run_chars_owned.ps1	8	TS	if ($pin -notmatch '^[0-9A-F]{64}$') { throw "L1_PIN.txt must hold one 64-hex SHA256, got 'pin=$pin'" } || if ((Get-FileHash -LiteralPath $compiler).Hash -ne $pin) { throw 'Stable compiler pin mismatch' } || $runId = (Get-Date -Format 'yyyyMMdd_HHmmss_fff') + '_' + [guid]::NewGuid().ToString('N').Substring(0,8)
run_chars_owned.ps1	9	TS	if ((Get-FileHash -LiteralPath $compiler).Hash -ne $pin) { throw 'Stable compiler pin mismatch' } || $runId = (Get-Date -Format 'yyyyMMdd_HHmmss_fff') + '_' + [guid]::NewGuid().ToString('N').Substring(0,8) || $run = Join-Path $repo "build/codex/chars_owned/$runId"
run_chars_owned.ps1	21	TS	foreach ($source in $sources) { $hashes[$source] = (Get-FileHash -LiteralPath $source).Hash } || $gcc = (Get-Command gcc -ErrorAction Stop).Source || $nm = (Get-Command nm -ErrorAction Stop).Source
run_chars_owned.ps1	25	TS	$evidence = [ordered]@{result='RUNNING'; compiler=$compiler; compilerSHA256=$pin; gcc=$gcc; gccSHA256=(Get-FileHash -LiteralPath $gcc).Hash; options=$flags; sources=$hashes; stages=@()} || function Invoke-CharsStage([string]$Name, [string]$Tool, [string[]]$NativeArgs) { || $options = @{}
run_chars_owned.ps1	31	SP	$process = Start-Process -FilePath $Tool @options -WorkingDirectory $baseline -WindowStyle Hidden -PassThru -RedirectStandardOutput $stdout -RedirectStandardError $stderr || $processHandle = $process.Handle || if (-not $process.WaitForExit(60000)) {
run_chars_owned.ps1	73	TS	if ((Get-FileHash -LiteralPath $source).Hash -ne $hashes[$source]) { throw "Source changed: $source" } || } || if ((Get-FileHash -LiteralPath $compiler).Hash -ne $pin -or (Get-FileHash -LiteralPath $gcc).Hash -ne $evidence.gccSHA256) { throw 'Toolchain changed during verification' }
run_chars_owned.ps1	75	TS	if ((Get-FileHash -LiteralPath $compiler).Hash -ne $pin -or (Get-FileHash -LiteralPath $gcc).Hash -ne $evidence.gccSHA256) { throw 'Toolchain changed during verification' } || $evidence.artifacts = @{} || Get-ChildItem -LiteralPath $run -Recurse -File | ForEach-Object { $evidence.artifacts[$_.FullName] = (Get-FileHash -LiteralPath $_.FullName).Hash }
run_chars_owned.ps1	77	TS	Get-ChildItem -LiteralPath $run -Recurse -File | ForEach-Object { $evidence.artifacts[$_.FullName] = (Get-FileHash -LiteralPath $_.FullName).Hash } || $evidence.result = 'PASS' || } catch {
run_entry_turn.ps1	21	TP	if (-not (Test-Path -LiteralPath $TranslatorPath)) { throw "missing L1 translator $TranslatorPath" } || $l1trans = (Resolve-Path -LiteralPath $TranslatorPath).ProviderPath || 
run_entry_turn.ps1	26	TS	if ($pin -notmatch '^[0-9A-F]{64}$') { throw "l2src/L1_PIN.txt must hold one 64-hex SHA256, got '$pin'" } || $l1transHash = (Get-FileHash -LiteralPath $l1trans).Hash || if ($l1transHash -ne $pin) { throw "translator $l1trans is $l1transHash, but l2src/L1_PIN.txt pins $pin" }
run_entry_turn.ps1	27	TS	$l1transHash = (Get-FileHash -LiteralPath $l1trans).Hash || if ($l1transHash -ne $pin) { throw "translator $l1trans is $l1transHash, but l2src/L1_PIN.txt pins $pin" } || 
run_entry_turn.ps1	46	TP	$tail = if (Test-Path -LiteralPath $log) { (Get-Content -LiteralPath $log -Raw) } else { '' } || throw "$name exit $code`n$tail" || }
run_entry_turn.ps1	51	SP	$proc = Start-Process -FilePath $exe -WorkingDirectory $work -WindowStyle Hidden -PassThru ` || -RedirectStandardOutput $stdoutPath -RedirectStandardError $stderrPath || $null = $proc.Handle
run_entry_turn.ps1	66	TS	$ev = [ordered]@{ stamp = $stamp; baseline = $baseline; translator = $l1trans; translatorSHA256 = $l1transHash; testSHA256 = (Get-FileHash -LiteralPath "l2src/tests/$test.lm1").Hash } ||  || # 1. The production runtime.
run_entry_turn.ps1	69	TP	$names = @('lmx_msg_blocks', 'lmx_owned_ranges', 'lmx_msg_storage', 'lmx_msg_path_storage', 'lmx_msg_slots', 'lmx_msg_mail_chain', 'lmx_msg_sched_ready', 'lmx_msg_visit', 'lmx_msg_liveness', 'lmx_msg_history_owned', 'lmx_msg_roots_stale', 'lmx_branch_owned', 'lmx_value_owned', 'lmx_chars_owned', 'lmx_array_owned', 'lmx_array_ref_owned', 'lmx_graph_copy_owned', 'lmx_merge_owned', 'lmx_message_graph_copy') | Where-Object { Test-Path -LiteralPath "l2src/$_.lm1" } || $sources = @('l2src/lmx_message_host.c', 'l2src/lmx_message_exec.c') || foreach ($name in $names) {
run_entry_turn.ps1	88	DOT	. (Join-Path $PSScriptRoot 'l2units_build.ps1') || $objs += @(Build-L2RuntimeUnits -L1Trans $l1trans -Out (Join-Path $out 'l2units') -IncludeDirs @($hdrs) -CFlags $cflags) || $objList = ($objs | ForEach-Object { Q $_ }) -join ' '
run_foreign_alloc.ps1	7	TS	if ($pin -notmatch '^[0-9A-F]{64}$') { throw "L1_PIN.txt must hold one 64-hex SHA256, got 'pin=$pin'" } || if ((Get-FileHash -LiteralPath $compiler).Hash -ne $pin) { throw 'Stable compiler pin mismatch' } || $run = Join-Path $repo ('build/codex/foreign_alloc/' + (Get-Date -Format 'yyyyMMdd_HHmmss_fff') + '_' + [guid]::NewGuid().ToString('N').Substring(0,8))
run_foreign_alloc.ps1	8	TS	if ((Get-FileHash -LiteralPath $compiler).Hash -ne $pin) { throw 'Stable compiler pin mismatch' } || $run = Join-Path $repo ('build/codex/foreign_alloc/' + (Get-Date -Format 'yyyyMMdd_HHmmss_fff') + '_' + [guid]::NewGuid().ToString('N').Substring(0,8)) || New-Item -ItemType Directory -Path $run -Force | Out-Null
run_foreign_alloc.ps1	13	TS	foreach ($source in $sources) { $hashes[$source] = (Get-FileHash -LiteralPath $source).Hash } || $gcc = (Get-Command gcc -ErrorAction Stop).Source || $nm = (Get-Command nm -ErrorAction Stop).Source
run_foreign_alloc.ps1	17	TS	$evidence = [ordered]@{result='RUNNING'; compiler=$compiler; compilerSHA256=$pin; gcc=$gcc; gccSHA256=(Get-FileHash -LiteralPath $gcc).Hash; options=$flags; sources=$hashes; stages=@()} || function Invoke-ForeignStage([string]$Name, [string]$Tool, [string[]]$NativeArgs) { || $arguments = ($NativeArgs | ForEach-Object { '"' + $_ + '"' }) -join ' '
run_foreign_alloc.ps1	24	SP	$process = Start-Process -FilePath $Tool @options -WorkingDirectory $baseline -WindowStyle Hidden -PassThru -RedirectStandardOutput $stdout -RedirectStandardError $stderr || $handle = $process.Handle || if (-not $process.WaitForExit(60000)) {
run_foreign_alloc.ps1	56	TS	if ((Get-FileHash -LiteralPath $source).Hash -ne $hashes[$source]) { throw "Source changed: $source" } || } || if ((Get-FileHash -LiteralPath $compiler).Hash -ne $pin -or (Get-FileHash -LiteralPath $gcc).Hash -ne $evidence.gccSHA256) { throw 'Toolchain changed during verification' }
run_foreign_alloc.ps1	58	TS	if ((Get-FileHash -LiteralPath $compiler).Hash -ne $pin -or (Get-FileHash -LiteralPath $gcc).Hash -ne $evidence.gccSHA256) { throw 'Toolchain changed during verification' } || $evidence.artifacts = @{} || Get-ChildItem -LiteralPath $run -File | ForEach-Object { $evidence.artifacts[$_.FullName] = (Get-FileHash -LiteralPath $_.FullName).Hash }
run_foreign_alloc.ps1	60	TS	Get-ChildItem -LiteralPath $run -File | ForEach-Object { $evidence.artifacts[$_.FullName] = (Get-FileHash -LiteralPath $_.FullName).Hash } || $evidence.result = 'PASS' || } catch {
run_gates.ps1	28	TS	$pinHash = (Get-FileHash -LiteralPath $pinned).Hash || $header = "gates HEAD $head dirty=$dirty pin=$($pinHash.Substring(0, 8)) pin_matches_L1_PIN=$($pinHash -eq $pin) logs $LogDir" || Write-Output $header
run_graph_abi.ps1	33	TS	if ($pin -notmatch '^[0-9A-F]{64}$') { throw "L1_PIN.txt must hold one 64-hex SHA256, got 'pin=$pin'" } || $requireStablePin = -not $TranslatorPath || if ($requireStablePin) { $TranslatorPath = 'build/l1trans/gen2/l1trans.exe' }
run_graph_abi.ps1	36	TP	if (-not (Test-Path -LiteralPath $TranslatorPath)) { throw "missing translator: $TranslatorPath" } || $transHash = (Get-FileHash -LiteralPath $TranslatorPath).Hash || if ($requireStablePin -and $transHash -ne $pin) { throw "translator $TranslatorPath hash $transHash is not the stable pin" }
run_graph_abi.ps1	37	TS	$transHash = (Get-FileHash -LiteralPath $TranslatorPath).Hash || if ($requireStablePin -and $transHash -ne $pin) { throw "translator $TranslatorPath hash $transHash is not the stable pin" } || $l1trans = (Resolve-Path -LiteralPath $TranslatorPath).ProviderPath
run_graph_abi.ps1	41	TP	if (-not $OutputTranslatorPath -and (Test-Path -LiteralPath $currentTranslator)) { || $OutputTranslatorPath = $currentTranslator || }
run_graph_abi.ps1	45	TP	if (-not (Test-Path -LiteralPath $OutputTranslatorPath)) { throw "missing output translator: $OutputTranslatorPath" } || $outputL1trans = (Resolve-Path -LiteralPath $OutputTranslatorPath).ProviderPath || 
run_graph_abi.ps1	64	TS	translatorSHA256 = $transHash || outputTranslator = $outputL1trans || outputTranslatorSHA256 = (Get-FileHash -LiteralPath $outputL1trans).Hash
run_graph_abi.ps1	66	TS	outputTranslatorSHA256 = (Get-FileHash -LiteralPath $outputL1trans).Hash || runner = $PSCommandPath || runnerSHA256 = (Get-FileHash -LiteralPath $PSCommandPath).Hash
run_graph_abi.ps1	68	TS	runnerSHA256 = (Get-FileHash -LiteralPath $PSCommandPath).Hash || sources = [ordered]@{} || stages = @()
run_graph_abi.ps1	84	TS	foreach ($s in $owned) { $ev.sources[$s] = (Get-FileHash -LiteralPath $s).Hash } ||  || function Invoke-Native([string]$commandLine, [string]$logPath) {
run_graph_abi.ps1	95	TP	if ($logPath -and (Test-Path -LiteralPath $logPath)) { Get-Content -LiteralPath $logPath | Select-Object -First 40 | ForEach-Object { Write-Host $_ } } || throw "$name exit $code" || }
run_graph_abi.ps1	113	TS	$ev.l2transSHA256 = (Get-FileHash -LiteralPath $l2exe).Hash ||  || # Message support objects: the set run_lmx.ps1's Exec suite links (the
run_graph_abi.ps1	138	TS	$ev.supportObjects = @($objs | ForEach-Object { [ordered]@{ path = $_; sha256 = (Get-FileHash -LiteralPath $_).Hash } }) || $ev.supportWarnings = $supportWarnings || # Stage 3c-2a: the production runtime includes the L2 runtime units
run_graph_abi.ps1	142	DOT	. l2src/l2units_build.ps1 || $objs += @(Build-L2RuntimeUnits -L1Trans $l1trans -Out (Join-Path $run 'l2units') -IncludeDirs @($hdrs) -CFlags $cflags) || $objList = ($objs | ForEach-Object { Q $_ }) -join ' '
run_graph_abi.ps1	155	TS	$ev.selftest = [ordered]@{ exit = $selfExit; stdout = $selfStdout.Trim(); cSHA256 = (Get-FileHash -LiteralPath $selfC).Hash; gccWarnings = @(Get-Content (Join-Path $run 'selftest.gcc.log') | Where-Object { $_ -match 'warning:' }).Count } || Stage 'selftest_run' $selfExit $selfLog || if ($selfStdout -notmatch 'graph abi selftest: \d+ checks, 0 failures') { throw 'selftest did not report zero failures' }
run_graph_abi.ps1	185	TS	$ev.copySelftest = [ordered]@{ exit = $copyExit; stdout = $copyStdout.Trim(); cSHA256 = (Get-FileHash -LiteralPath $copyC).Hash; sourceSHA256 = (Get-FileHash -LiteralPath $copySrc).Hash; gccWarnings = @(Get-Content (Join-Path $run 'copy_selftest.gcc.log') | Where-Object { $_ -match 'warning:' }).Count } || Stage 'copy_selftest_run' $copyExit $copyLog || if ($copyStdout -notmatch 'graph copy selftest: \d+ checks, 0 failures') { throw 'copy selftest did not report zero failures' }
run_graph_abi.ps1	200	TS	$ev.pointerArraySelftest = [ordered]@{ exit = $pointerArrayExit; stdout = $pointerArrayStdout.Trim(); cSHA256 = (Get-FileHash -LiteralPath $pointerArrayC).Hash; sourceSHA256 = (Get-FileHash -LiteralPath $pointerArraySrc).Hash; gccWarnings = @(Get-Content (Join-Path $run 'pointer_array_selftest.gcc.log') | Where-Object { $_ -match 'warning:' }).Count } || Stage 'pointer_array_selftest_run' $pointerArrayExit $pointerArrayLog || if ($pointerArrayStdout -notmatch 'pointer Array selftest: \d+ checks, 0 failures') { throw 'pointer Array selftest did not report zero failures' }
run_graph_abi.ps1	213	TS	$ev.mergeSelftest = [ordered]@{ exit = $mergeExit; stdout = $mergeStdout.Trim(); cSHA256 = (Get-FileHash -LiteralPath $mergeC).Hash; sourceSHA256 = (Get-FileHash -LiteralPath $mergeSrc).Hash } || Stage 'merge_selftest_run' $mergeExit $mergeLog || if ($mergeStdout -notmatch 'merge selftest: \d+ checks, 0 failures') { throw 'merge selftest did not report zero failures' }
run_graph_abi.ps1	227	TS	$ev.messageCopySelftest = [ordered]@{ exit = $msgCopyExit; stdout = $msgCopyStdout.Trim(); cSHA256 = (Get-FileHash -LiteralPath $msgCopyC).Hash; sourceSHA256 = (Get-FileHash -LiteralPath $msgCopySrc).Hash; gccWarnings = @(Get-Content (Join-Path $run 'message_copy_selftest.gcc.log') | Where-Object { $_ -match 'warning:' }).Count } || Stage 'message_copy_selftest_run' $msgCopyExit $msgCopyLog || if ($msgCopyStdout -notmatch 'message graph copy selftest: \d+ checks, 0 failures') { throw 'message graph copy selftest did not report zero failures' }
run_graph_abi.ps1	333	TP	if (-not (Test-Path -LiteralPath $case.source)) { throw "missing fixture $($case.source)" } || $rec.sourceSHA256 = (Get-FileHash -LiteralPath $case.source).Hash || $lm1 = Join-Path $out ($case.stem + '.lm1')
run_graph_abi.ps1	334	TS	$rec.sourceSHA256 = (Get-FileHash -LiteralPath $case.source).Hash || $lm1 = Join-Path $out ($case.stem + '.lm1') || $cpath = Join-Path $out ($case.stem + '.c')
run_graph_abi.ps1	784	TS	$rec.l1SHA256 = (Get-FileHash -LiteralPath $lm1).Hash || $code = Invoke-Native ((Q $outputL1trans) + ' ' + (Q $lm1) + ' ' + (Q $cpath)) (Join-Path $out ($case.stem + '.l1trans.log')) || if ($code -ne 0) { throw "l1trans exit $code" }
run_graph_abi.ps1	787	TS	$rec.cSHA256 = (Get-FileHash -LiteralPath $cpath).Hash || $ctext = [IO.File]::ReadAllText((Resolve-Path -LiteralPath $cpath).ProviderPath) || $flags = $cflags
run_graph_abi.ps1	798	TP	if (Test-Path -LiteralPath $stdoutPath) { $actualStdout = (Get-Content -LiteralPath $stdoutPath -Raw); if ($null -eq $actualStdout) { $actualStdout = '' } } || $rec.actualExit = $actualExit || if ($actualExit -ne $case.expect) { throw "exit $actualExit expected $($case.expect)" }
run_graph_abi.ps1	920	TP	if (Test-Path -LiteralPath (Join-Path $out ("neg_" + $neg.name + ".lm1"))) { throw "negative case $($neg.name) produced output" } || $ev.negatives += $neg.name || Write-Host "OK negative $($neg.name)"
run_l2_message_root.ps1	11	TS	if ($rootPin -notmatch '^[0-9A-F]{64}$') { throw "L1_PIN.txt must hold one 64-hex SHA256, got 'rootPin=$rootPin'" } || if ((Get-FileHash -LiteralPath $rootCompiler).Hash -ne $rootPin) { throw 'Stable compiler pin mismatch' } || $rootRun = Join-Path $rootRepo ('build/codex/l2_message_root/' + (Get-Date -Format 'yyyyMMdd_HHmmss_fff') + '_' + [guid]::NewGuid().ToString('N').Substring(0,8))
run_l2_message_root.ps1	12	TS	if ((Get-FileHash -LiteralPath $rootCompiler).Hash -ne $rootPin) { throw 'Stable compiler pin mismatch' } || $rootRun = Join-Path $rootRepo ('build/codex/l2_message_root/' + (Get-Date -Format 'yyyyMMdd_HHmmss_fff') + '_' + [guid]::NewGuid().ToString('N').Substring(0,8)) || $rootSnapshot = Join-Path $rootRun 'source'
run_l2_message_root.ps1	17	TS	$rootEvidence = [ordered]@{result='RUNNING'; compiler=$rootCompiler; compilerSHA256=$rootPin; owned=@{}; stages=@()} || $rootEvidence.runnerSHA256 = (Get-FileHash -LiteralPath $PSCommandPath).Hash || $rootOldLocation = Get-Location
run_l2_message_root.ps1	18	TS	$rootEvidence.runnerSHA256 = (Get-FileHash -LiteralPath $PSCommandPath).Hash || $rootOldLocation = Get-Location || function Assert-RootExit([string]$Stage) {
run_l2_message_root.ps1	66	TS	$rootEvidence.archiveSHA256 = (Get-FileHash -LiteralPath "$rootRun/core.zip").Hash || Expand-Archive -LiteralPath "$rootRun/core.zip" -DestinationPath $rootSnapshot || $rootWork = Join-Path $rootSnapshot 'stg/l1_baseline'
run_l2_message_root.ps1	71	TS	$rootEvidence.owned[$path] = (Get-FileHash -LiteralPath $path).Hash || Copy-Item -LiteralPath $path -Destination (Join-Path $rootWork "l2src/$name") || }
run_l2_message_root.ps1	76	DOT	. (Join-Path $rootWork 'l2src/run_l2trans.ps1') -BuildOnly -OutputDirectory 'build/root_entry' -TranslatorPath $rootCompiler || $rootEvidence.stages += @{name='translator_build'; exit=0} || $rootHistoricalText = Get-Content -LiteralPath (Join-Path $rootWork 'l2src/run_l2trans.ps1') -Raw
run_l2_message_root.ps1	163	TP	if ($LASTEXITCODE -ne 1 -or (Test-Path "$out/index_invalid_$case.lm1")) { throw "Unsupported array index $case accepted/published" } || } || & $l2exe 'l2src/tests/unit_own_array_char_index.lm2' "$out/array_char_index.lm1" *> "$out/array_char_index.translate.log"
run_l2_message_root.ps1	185	TP	if ($LASTEXITCODE -ne 1 -or (Test-Path "$out/char_index_invalid_$case.lm1")) { throw "Unsupported CHAR index $case accepted/published" } || } || $charCcall = $charIndexSource.Replace('    return: letters[0]', ('    c.printf: "%d " letters[2]' + [char]10 + '    return: letters[0]'))
run_l2_message_root.ps1	217	TP	if ($LASTEXITCODE -ne 1 -or (Test-Path "$out/length_invalid_$case.lm1")) { throw "Unsupported array length $case accepted/published" } || } || $lengthShadow = @'
run_l2_message_root.ps1	313	TP	if ($LASTEXITCODE -ne 1 -or (Test-Path "$out/for_paths_bad_$case.lm1")) { throw "Unsupported qualified for array $case accepted/published" } || } || & $l2exe 'l2src/tests/unit_node_array_paths.lm2' "$out/node_paths.lm1" *> "$out/node_paths.translate.log"
run_l2_message_root.ps1	383	TP	if ($LASTEXITCODE -ne 1 -or (Test-Path "$out/node_paths_bad_$case.lm1")) { throw "Unsupported node array $case accepted/published" } || } || $forSource = Get-Content -LiteralPath 'l2src/tests/unit_for_own_arrays.lm2' -Raw
run_l2_message_root.ps1	424	TP	if ($LASTEXITCODE -ne 1 -or (Test-Path "$out/for_arrays_bad_$case.lm1")) { throw "Unsupported for array $case accepted/published" } || } || # Sweep compiler allocations for the new host/array combination. Reuse
run_l2_message_root.ps1	526	TP	if ($LASTEXITCODE -ne 1 -or (Test-Path "$out/array_invalid_$case.lm1")) { throw "Unsupported array $case accepted/published" } || } || & $l1trans 'l2src/tests/l2_message_root_driver.lm1' "$out/driver.c" *> "$out/driver.translate.log"
run_l2_message_root.ps1	540	TP	if (-not (Test-Path -LiteralPath $obj -PathType Leaf)) { throw "Missing built Message support object: $obj" } || } || $rootBefore = @{}
run_l2_message_root.ps1	543	TS	foreach ($obj in $rootObjects) { $rootBefore[$obj] = (Get-FileHash -LiteralPath $obj).Hash } || # Ordinary generated-program linking exercises Invoke-Gcc's same cached || # object path, not just the instrumented driver. No second support build.
run_l2_message_root.ps1	551	TS	if ((Get-FileHash -LiteralPath $obj).Hash -ne $rootBefore[$obj]) { throw "Cached object changed: $obj" } || } || foreach ($mode in 0..48) {
run_l2_message_root.ps1	576	TS	if ((Get-FileHash -LiteralPath $obj).Hash -ne $rootBefore[$obj]) { throw "Splice rebuilt cached object: $obj" } || } || Write-Output 'root entry splice PASS (same Message object cache)'
run_l2_message_root.ps1	594	TS	if ((Get-FileHash -LiteralPath $obj).Hash -ne $rootBefore[$obj]) { throw "Nested case rebuilt cached object: $obj" } || } || Write-Output 'root entry nested branch PASS (same Message object cache)'
run_l2_message_root.ps1	644	TS	if ((Get-FileHash -LiteralPath $obj).Hash -ne $rootBefore[$obj]) { throw "$stem rebuilt support object: $obj" } || } || Write-Output "$stem PASS (same translator and Message object cache)"
run_l2_message_root.ps1	997	TS	parser=(Get-FileHash -LiteralPath $frozenParserPath).Hash || text=(Get-FileHash -LiteralPath $frozenTextPath).Hash || }
run_l2_message_root.ps1	998	TS	text=(Get-FileHash -LiteralPath $frozenTextPath).Hash || } || if ((Get-FileHash 'l1src/parser.lm1').Hash -ne $rootEvidence.cQuotedOracleInputs.parser -or (Get-FileHash 'l1src/parser_text.lm1').Hash -ne $rootEvidence.cQuotedOracleInputs.text) { throw 'Frozen quote oracle differs from snapshot' }
run_l2_message_root.ps1	1000	TS	if ((Get-FileHash 'l1src/parser.lm1').Hash -ne $rootEvidence.cQuotedOracleInputs.parser -or (Get-FileHash 'l1src/parser_text.lm1').Hash -ne $rootEvidence.cQuotedOracleInputs.text) { throw 'Frozen quote oracle differs from snapshot' } || $oracleText = 'include: "<stddef.h>"' + [char]10 || foreach ($ref in @(
run_l2_message_root.ps1	1028	TS	if ((Get-FileHash -LiteralPath $frozenParserPath).Hash -ne $rootEvidence.cQuotedOracleInputs.parser -or (Get-FileHash -LiteralPath $frozenTextPath).Hash -ne $rootEvidence.cQuotedOracleInputs.text) { throw 'Frozen parser source changed' } || Write-Output $cQuotedResult.Trim() || # Actual L2 C-surface port with authoritative L2 quote/predicate dependencies.
run_l2_message_root.ps1	1069	TS	parser=(Get-FileHash -LiteralPath $frozenParserPath).Hash || text=(Get-FileHash -LiteralPath $frozenTextPath).Hash || }
run_l2_message_root.ps1	1070	TS	text=(Get-FileHash -LiteralPath $frozenTextPath).Hash || } || if ((Get-FileHash 'l1src/parser.lm1').Hash -ne $rootEvidence.cSurfaceOracleInputs.parser -or (Get-FileHash 'l1src/parser_text.lm1').Hash -ne $rootEvidence.cSurfaceOracleInputs.text) { throw 'Frozen quote oracle differs from snapshot' }
run_l2_message_root.ps1	1072	TS	if ((Get-FileHash 'l1src/parser.lm1').Hash -ne $rootEvidence.cSurfaceOracleInputs.parser -or (Get-FileHash 'l1src/parser_text.lm1').Hash -ne $rootEvidence.cSurfaceOracleInputs.text) { throw 'Frozen quote oracle differs from snapshot' } || $oracleText = 'include: "<stddef.h>" "<string.h>"' + [char]10 || foreach ($ref in @(
run_l2_message_root.ps1	1107	TS	if ((Get-FileHash -LiteralPath $frozenParserPath).Hash -ne $rootEvidence.cSurfaceOracleInputs.parser -or (Get-FileHash -LiteralPath $frozenTextPath).Hash -ne $rootEvidence.cSurfaceOracleInputs.text) { throw 'Frozen parser source changed' } || Write-Output $cSurfaceResult.Trim() || # The inventory runs by default: on 69af0865 it added about 9 s to a
run_l2_message_root.ps1	1126	TS	kind=$case.kind; source=$case.source; sourceSHA256=(Get-FileHash -LiteralPath $case.source).Hash || messageEntry=($text -match 'fn: l2_program_entry'); legacyCatalog=$false || }
run_l2_message_root.ps1	1136	TS	if ((Get-FileHash -LiteralPath $path).Hash -ne $rootEvidence.owned[$path]) { throw "Owned source changed: $path" } || } || if ((Get-FileHash -LiteralPath $rootCompiler).Hash -ne $rootPin) { throw 'Stable compiler changed' }
run_l2_message_root.ps1	1138	TS	if ((Get-FileHash -LiteralPath $rootCompiler).Hash -ne $rootPin) { throw 'Stable compiler changed' } || if ((Get-FileHash -LiteralPath $PSCommandPath).Hash -ne $rootEvidence.runnerSHA256) { throw 'Runner changed' } || $rootEvidence.artifacts = @{}
run_l2_message_root.ps1	1139	TS	if ((Get-FileHash -LiteralPath $PSCommandPath).Hash -ne $rootEvidence.runnerSHA256) { throw 'Runner changed' } || $rootEvidence.artifacts = @{} || Get-ChildItem -LiteralPath (Join-Path $rootWork $out) -File -Recurse | ForEach-Object { $rootEvidence.artifacts[$_.FullName] = (Get-FileHash -LiteralPath $_.FullName).Hash }
run_l2_message_root.ps1	1141	TS	Get-ChildItem -LiteralPath (Join-Path $rootWork $out) -File -Recurse | ForEach-Object { $rootEvidence.artifacts[$_.FullName] = (Get-FileHash -LiteralPath $_.FullName).Hash } || $rootEvidence.result = 'PASS' || } catch {
run_l2trans.ps1	11	TP	if (-not (Test-Path -LiteralPath $l1trans)) { || throw "missing L1 translator: $l1trans (run tests\l1\run_gen.ps1 first)" || }
run_l2trans.ps1	17	TP	if (Test-Path -LiteralPath $candidateOutputTranslator) { $OutputTranslatorPath = $candidateOutputTranslator } || } || if (-not $OutputTranslatorPath) { $OutputTranslatorPath = $l1trans }
run_l2trans.ps1	20	TP	if (-not (Test-Path -LiteralPath $OutputTranslatorPath)) { throw "missing output L1 translator: $OutputTranslatorPath" } || $outputL1trans = (Resolve-Path -LiteralPath $OutputTranslatorPath).ProviderPath || 
run_l2trans.ps1	37	TP	if (-not $BuildOnly -and -not (Test-Path -LiteralPath $stgPrintTree)) { || throw "missing $stgPrintTree; build it with the L1 parser acceptance: `$env:L1_GEN='gen2'; powershell -File tests\l1\run_parser.ps1 (the gen2 step of tests\l1\run_gen.ps1)" || }
run_l2trans.ps1	55	TS	$sha = [Security.Cryptography.SHA256]::Create() || try { $digest = [BitConverter]::ToString($sha.ComputeHash([Text.Encoding]::UTF8.GetBytes($canonical))).Replace('-','') } || finally { $sha.Dispose() }
run_l2trans.ps1	126	DOT	. (Join-Path $PSScriptRoot 'l2units_build.ps1') || $objects += @(Build-L2RuntimeUnits -L1Trans $outputL1trans -Out (Join-Path $supportDir 'l2units') -IncludeDirs @($supportHeaders) -CFlags ($cflags -join ' ')) || # One build per invocation and flags/source snapshot; no reuse across runs.
run_l2trans.ps1	205	TP	if (Test-Path -LiteralPath $cpath) { || $src = [IO.File]::ReadAllText((Resolve-Path -LiteralPath $cpath).ProviderPath) || }
run_l2trans.ps1	272	TP	if (Test-Path -LiteralPath $p) { Remove-Item -LiteralPath $p -Force } || } || }
run_l2trans.ps1	332	TP	if (-not (Test-Path -LiteralPath $cpath)) { throw "negative $stem lost planted c" } || $cgot = [System.IO.File]::ReadAllText((Resolve-L2Path $cpath)) || if ($cgot -ne $marker) { throw "negative $stem mutated planted c" }
run_l2trans.ps1	611	SP	$p = Start-Process -FilePath $cmpExe -ArgumentList "ok" -WorkingDirectory (Get-Location) -RedirectStandardOutput $okOut -RedirectStandardError $okErr -Wait -PassThru -NoNewWindow || if ($p.ExitCode -ne 0) { throw "entry_strcmp ok should exit 0" } || $p = Start-Process -FilePath $cmpExe -ArgumentList "no" -WorkingDirectory (Get-Location) -RedirectStandardOutput $noOut -RedirectStandardError $noErr -Wait -PassThru -NoNewWindow
run_l2trans.ps1	613	SP	$p = Start-Process -FilePath $cmpExe -ArgumentList "no" -WorkingDirectory (Get-Location) -RedirectStandardOutput $noOut -RedirectStandardError $noErr -Wait -PassThru -NoNewWindow || if ($p.ExitCode -eq 0) { throw "entry_strcmp no should exit 1" } || Invoke-Entry "l2src\tests\entry_nul.lm2" "entry_nul" 0 @('command[0]: ''\0''') $null
run_l2trans.ps1	659	TP	if (-not (Test-Path -LiteralPath $l2Exe)) { throw "missing L2 printTree.exe" } || $valid = Join-Path $par "valid.lm1" || $bad = Join-Path $par "bad.lm1"
run_l2trans.ps1	666	TP	if (Test-Path -LiteralPath $missing) { Remove-Item -LiteralPath $missing -Force } || function Invoke-One([string]$exe, [string]$stem, [string[]]$argList) { || $so = Join-Path $par ($stem + ".stdout")
run_l2trans.ps1	670	TP	if (Test-Path -LiteralPath $so) { Remove-Item -LiteralPath $so -Force } || if (Test-Path -LiteralPath $se) { Remove-Item -LiteralPath $se -Force } || New-Item -ItemType File -Path $so -Force | Out-Null
run_l2trans.ps1	671	TP	if (Test-Path -LiteralPath $se) { Remove-Item -LiteralPath $se -Force } || New-Item -ItemType File -Path $so -Force | Out-Null || New-Item -ItemType File -Path $se -Force | Out-Null
run_l2trans.ps1	676	SP	$p = Start-Process -FilePath $absExe -WorkingDirectory (Get-Location) -RedirectStandardOutput $so -RedirectStandardError $se -Wait -PassThru -NoNewWindow || } else { || $p = Start-Process -FilePath $absExe -ArgumentList $argList -WorkingDirectory (Get-Location) -RedirectStandardOutput $so -RedirectStandardError $se -Wait -PassThru -NoNewWindow
run_l2trans.ps1	678	SP	$p = Start-Process -FilePath $absExe -ArgumentList $argList -WorkingDirectory (Get-Location) -RedirectStandardOutput $so -RedirectStandardError $se -Wait -PassThru -NoNewWindow || } || $ex = $p.ExitCode
run_l2trans.ps1	1521	TP	if (Test-Path -LiteralPath $bak) { Remove-Item -LiteralPath $bak -Recurse -Force } || New-Item -ItemType Directory -Path (Resolve-L2Path $bak) | Out-Null || cmd /c "`"$l2exe`" `"l2src\tests\add.lm2`" `"$dest`" 2> `"$(Join-Path $out 'publish_fail.err')`""
run_l2trans.ps1	1567	TP	if (Test-Path -LiteralPath ($dest3 + ".bak.111")) { throw "temporary selected backup was not removed" } || } || 
run_l2trans.ps1	3664	TP	if (-not (Test-Path -LiteralPath $alog)) { throw "fail-malloc $tag $n missing alloc log" } || $astat = [System.IO.File]::ReadAllText((Resolve-L2Path $alog)).Trim() || if ($astat -notmatch 'live=(\d+).*fail_kind=(\d+)') { throw "fail-malloc $tag $n bad alloc log: $astat" }
run_l2trans.ps1	5191	TS	$toolHash = (Get-FileHash -Algorithm SHA256 -LiteralPath $toolPath).Hash || @( || "cmd=l2src\run_l2trans.ps1"
run_l2trans.ps1	5197	TS	"l1trans_sha256=$toolHash" || "banner=l2trans $gen ok" || "exit=0"
run_lmx.ps1	28	TP	if (-not (Test-Path -LiteralPath $trans)) { || throw "missing L1 translator: $trans (run tests\l1\run_gen.ps1 first)" || }
run_lmx.ps1	52	SP	$proc = Start-Process -FilePath (Resolve-Path -LiteralPath $Exe).Path -WorkingDirectory $WorkingDirectory ` || -WindowStyle Hidden -PassThru -RedirectStandardOutput $stdout -RedirectStandardError $stderr || # PS5.1 must retain the native handle before a quick process exits.
run_lmx.ps1	189	TS	$gccHash = (Get-FileHash -LiteralPath $gccPath).Hash || function Get-LmxObject([string]$Source, [string[]]$Defines = @()) { || $options = @('-std=c99', '-Wall', '-Wextra', '-Wpedantic') + $guards + @('-I', '.', '-I', 'lm1/build', '-I', $blkInc) + $Defines
run_lmx.ps1	194	TP	if (Test-Path -LiteralPath $dir) { || $headerHashes += @(Get-ChildItem -LiteralPath $dir -Recurse -File -Filter '*.h' | Sort-Object FullName | ForEach-Object { || $_.FullName + ':' + (Get-FileHash -LiteralPath $_.FullName).Hash
run_lmx.ps1	196	TS	$_.FullName + ':' + (Get-FileHash -LiteralPath $_.FullName).Hash || }) || }
run_lmx.ps1	202	TS	sha256 = (Get-FileHash -LiteralPath $Source).Hash || compiler = $gccPath || compilerSHA256 = $gccHash
run_lmx.ps1	204	TS	compilerSHA256 = $gccHash || options = $options || headers = $headerHashes
run_lmx.ps1	208	TS	$sha = [Security.Cryptography.SHA256]::Create() || try { $key = ([BitConverter]::ToString($sha.ComputeHash([Text.Encoding]::UTF8.GetBytes(($identity | ConvertTo-Json -Depth 5 -Compress))))).Replace('-', '').ToLowerInvariant() } || finally { $sha.Dispose() }
run_lmx.ps1	239	DOT	. l2src/l2units_build.ps1 || $script:l2UnitObjs = @(Build-L2RuntimeUnits -L1Trans $trans -Out (Join-Path $out 'l2units') -IncludeDirs @($blkInc) -CFlags ('-std=c99 -Wall -Wextra -Wpedantic -I . ' + ($guards -join ' ')) -Gcc $gccPath) || }
run_lmx.ps1	290	SP	$p = Start-Process -FilePath (Join-Path (Get-Location) $exe) -WorkingDirectory (Get-Location) -Wait -PassThru -NoNewWindow -RedirectStandardOutput $capOut -RedirectStandardError $capErr || $p.ExitCode.ToString() | Set-Content -LiteralPath (Join-Path $log "$unit.exit.txt") -Encoding ascii || if ($p.ExitCode -ne 0) {
run_lmx.ps1	356	TP	if (-not (Test-Path -LiteralPath $trackedL1)) { || throw 'missing tracked generated L1 l2src/tests/generated/unit_own_array_index.lm1' || }
run_lmx.ps1	381	TP	if (-not (Test-Path -LiteralPath $trackedChL1)) { || throw 'missing tracked generated L1 l2src/tests/generated/unit_own_array_char_index.lm1' || }
run_lmx.ps1	406	TP	if (-not (Test-Path -LiteralPath $trackedForL1)) { || throw 'missing tracked generated L1 l2src/tests/generated/unit_for_own_arrays.lm1' || }
run_lmx.ps1	431	TP	$needL2 = -not (Test-Path -LiteralPath $l2exe) || if (-not $needL2) { || if ((Get-Item -LiteralPath "l2src\l2trans.lm1").LastWriteTime -gt (Get-Item -LiteralPath $l2exe).LastWriteTime) {
run_lmx.ps1	433	TS	if ((Get-Item -LiteralPath "l2src\l2trans.lm1").LastWriteTime -gt (Get-Item -LiteralPath $l2exe).LastWriteTime) { || $needL2 = $true || }
run_lmx.ps1	497	SP	$sp = Start-Process -FilePath (Join-Path (Get-Location) $spinExe) -WorkingDirectory (Get-Location) -Wait -PassThru -NoNewWindow -RedirectStandardOutput $spinOut -RedirectStandardError $spinErr || $sp.ExitCode.ToString() | Set-Content -LiteralPath (Join-Path $log "cancel_spin_host.exit.txt") -Encoding ascii || if ($sp.ExitCode -ne 0) {
run_lmx.ps1	508	TS	$toolHash = (Get-FileHash -Algorithm SHA256 (Join-Path (Get-Location) $trans)).Hash || if ($selected.Exec) { || Copy-Item -LiteralPath $execOut -Destination (Join-Path $log "lmx_message_ctx.stdout.txt") -Force
run_lmx.ps1	518	TS	"l1trans_sha256=$toolHash" || "exe=$execExe" || "cwd=$nativeCwd"
run_lmx.ps1	526	TP	if ($selected.Host -and (Test-Path -LiteralPath $evPath)) { $ev = Get-Content -LiteralPath $evPath } || $ev2Path = Join-Path $nativeCwd 'build/l1trans/logs/gen2/lmx_message_exec_selftest.evidence.txt' || if ($selected.Exec -and (Test-Path -LiteralPath $ev2Path)) { $ev = $ev + (Get-Content -LiteralPath $ev2Path) }
run_lmx.ps1	528	TP	if ($selected.Exec -and (Test-Path -LiteralPath $ev2Path)) { $ev = $ev + (Get-Content -LiteralPath $ev2Path) } || $suiteEvidence = @( || "cmd=l2src\run_lmx.ps1"
run_lmx.ps1	533	TS	"l1trans_sha256=$toolHash" || "suite=$Suite" || "checks=$(@($selected.Keys | Where-Object { $selected[$_] }) -join ',')"
run_lmx.ps1	572	TP	if (Test-Path -LiteralPath $hp) { || $hashLines += "$((Get-FileHash -Algorithm SHA256 -LiteralPath $hp).Hash.ToLower())  $hp" || }
run_lmx.ps1	573	TS	$hashLines += "$((Get-FileHash -Algorithm SHA256 -LiteralPath $hp).Hash.ToLower())  $hp" || } || }
run_lmx_msg_history_owned.ps1	8	TS	if ($pin -notmatch '^[0-9A-F]{64}$') { throw "L1_PIN.txt must hold one 64-hex SHA256, got 'pin=$pin'" } || if ((Get-FileHash -LiteralPath $compiler).Hash -ne $pin) { throw 'Stable compiler pin changed.' } || $runId = (Get-Date -Format 'yyyyMMdd_HHmmss_fff') + '_' + [guid]::NewGuid().ToString('N').Substring(0,8)
run_lmx_msg_history_owned.ps1	9	TS	if ((Get-FileHash -LiteralPath $compiler).Hash -ne $pin) { throw 'Stable compiler pin changed.' } || $runId = (Get-Date -Format 'yyyyMMdd_HHmmss_fff') + '_' + [guid]::NewGuid().ToString('N').Substring(0,8) || $run = Join-Path $repo "build/codex/msg_history_owned/$runId"
run_lmx_msg_history_owned.ps1	21	TS	foreach ($source in $sources) { $hashes[$source] = (Get-FileHash -LiteralPath $source).Hash } || $evidence = [ordered]@{ compiler=$compiler; compilerSHA256=$pin; sources=$hashes; optimization='O2'; stages=@(); result='RUNNING' } || function Invoke-HistoryStage([string]$Name, [string]$Tool, [string[]]$NativeArgs) {
run_lmx_msg_history_owned.ps1	22	TS	$evidence = [ordered]@{ compiler=$compiler; compilerSHA256=$pin; sources=$hashes; optimization='O2'; stages=@(); result='RUNNING' } || function Invoke-HistoryStage([string]$Name, [string]$Tool, [string[]]$NativeArgs) { || $options = @{}
run_lmx_msg_history_owned.ps1	28	SP	$process = Start-Process -FilePath $Tool @options -WorkingDirectory $baseline -WindowStyle Hidden -Wait -PassThru -RedirectStandardOutput $stdout -RedirectStandardError $stderr || $evidence.stages += [ordered]@{ name=$Name; tool=$Tool; arguments=$NativeArgs; exit=$process.ExitCode } || if ($process.ExitCode -ne 0) {
run_lmx_msg_history_owned.ps1	70	TS	if ((Get-FileHash -LiteralPath $source).Hash -ne $hashes[$source]) { throw "Source changed: $source" } || } || if ((Get-FileHash -LiteralPath $compiler).Hash -ne $pin) { throw 'Compiler changed during verification.' }
run_lmx_msg_history_owned.ps1	72	TS	if ((Get-FileHash -LiteralPath $compiler).Hash -ne $pin) { throw 'Compiler changed during verification.' } || $evidence.artifacts = @{} || Get-ChildItem -LiteralPath $run -Recurse -File | ForEach-Object { $evidence.artifacts[$_.FullName] = (Get-FileHash -LiteralPath $_.FullName).Hash }
run_lmx_msg_history_owned.ps1	74	TS	Get-ChildItem -LiteralPath $run -Recurse -File | ForEach-Object { $evidence.artifacts[$_.FullName] = (Get-FileHash -LiteralPath $_.FullName).Hash } || $evidence.result = 'PASS' || } catch {
run_lmx_msg_roots_stale.ps1	8	TS	if ($pin -notmatch '^[0-9A-F]{64}$') { throw "L1_PIN.txt must hold one 64-hex SHA256, got 'pin=$pin'" } || if ((Get-FileHash -LiteralPath $compiler).Hash -ne $pin) { throw 'Stable compiler pin changed.' } || $runId = (Get-Date -Format 'yyyyMMdd_HHmmss_fff') + '_' + [guid]::NewGuid().ToString('N').Substring(0,8)
run_lmx_msg_roots_stale.ps1	9	TS	if ((Get-FileHash -LiteralPath $compiler).Hash -ne $pin) { throw 'Stable compiler pin changed.' } || $runId = (Get-Date -Format 'yyyyMMdd_HHmmss_fff') + '_' + [guid]::NewGuid().ToString('N').Substring(0,8) || $run = Join-Path $repo "build/codex/msg_roots_stale/$runId"
run_lmx_msg_roots_stale.ps1	21	TS	foreach ($source in $sources) { $hashes[$source] = (Get-FileHash -LiteralPath $source).Hash } || $evidence = [ordered]@{ compiler=$compiler; compilerSHA256=$pin; sources=$hashes; optimization='O2'; stages=@(); result='RUNNING' } || function Invoke-StaleStage([string]$Name, [string]$Tool, [string[]]$NativeArgs) {
run_lmx_msg_roots_stale.ps1	22	TS	$evidence = [ordered]@{ compiler=$compiler; compilerSHA256=$pin; sources=$hashes; optimization='O2'; stages=@(); result='RUNNING' } || function Invoke-StaleStage([string]$Name, [string]$Tool, [string[]]$NativeArgs) { || $options = @{}
run_lmx_msg_roots_stale.ps1	28	SP	$process = Start-Process -FilePath $Tool @options -WorkingDirectory $baseline -WindowStyle Hidden -Wait -PassThru -RedirectStandardOutput $stdout -RedirectStandardError $stderr || $evidence.stages += [ordered]@{ name=$Name; tool=$Tool; arguments=$NativeArgs; exit=$process.ExitCode } || if ($process.ExitCode -ne 0) {
run_lmx_msg_roots_stale.ps1	69	TS	if ((Get-FileHash -LiteralPath $source).Hash -ne $hashes[$source]) { throw "Source changed: $source" } || } || if ((Get-FileHash -LiteralPath $compiler).Hash -ne $pin) { throw 'Compiler changed during verification.' }
run_lmx_msg_roots_stale.ps1	71	TS	if ((Get-FileHash -LiteralPath $compiler).Hash -ne $pin) { throw 'Compiler changed during verification.' } || $evidence.artifacts = @{} || Get-ChildItem -LiteralPath $run -Recurse -File | ForEach-Object { $evidence.artifacts[$_.FullName] = (Get-FileHash -LiteralPath $_.FullName).Hash }
run_lmx_msg_roots_stale.ps1	73	TS	Get-ChildItem -LiteralPath $run -Recurse -File | ForEach-Object { $evidence.artifacts[$_.FullName] = (Get-FileHash -LiteralPath $_.FullName).Hash } || $evidence.result = 'PASS' || } catch {
run_model_scenario36.ps1	31	TP	if (-not (Test-Path -LiteralPath $TranslatorPath)) { throw "missing L1 translator $TranslatorPath" } || $l1trans = (Resolve-Path -LiteralPath $TranslatorPath).ProviderPath || 
run_model_scenario36.ps1	36	TS	if ($pin -notmatch '^[0-9A-F]{64}$') { throw "l2src/L1_PIN.txt must hold one 64-hex SHA256, got '$pin'" } || $l1transHash = (Get-FileHash -LiteralPath $l1trans).Hash || if ($l1transHash -ne $pin) { throw "translator $l1trans is $l1transHash, but l2src/L1_PIN.txt pins $pin" }
run_model_scenario36.ps1	37	TS	$l1transHash = (Get-FileHash -LiteralPath $l1trans).Hash || if ($l1transHash -ne $pin) { throw "translator $l1trans is $l1transHash, but l2src/L1_PIN.txt pins $pin" } || 
run_model_scenario36.ps1	40	TP	if (-not (Test-Path -LiteralPath $MessageSource)) { throw "missing lmx_message source $MessageSource" } || $messageLm1 = (Resolve-Path -LiteralPath $MessageSource).ProviderPath || $tracked = (Resolve-Path -LiteralPath 'l2src/lmx_message.lm1').ProviderPath
run_model_scenario36.ps1	60	TP	$tail = if (Test-Path -LiteralPath $log) { (Get-Content -LiteralPath $log -Raw) } else { '' } || throw "$name exit $code`n$tail" || }
run_model_scenario36.ps1	65	SP	$proc = Start-Process -FilePath $exe -WorkingDirectory $work -WindowStyle Hidden -PassThru ` || -RedirectStandardOutput $stdoutPath -RedirectStandardError $stderrPath || $null = $proc.Handle
run_model_scenario36.ps1	79	TS	$ev = [ordered]@{ stamp = $stamp; baseline = $baseline; translator = $l1trans; translatorSHA256 = $l1transHash; messageSource = $messageLm1; messageSourceSHA256 = (Get-FileHash -LiteralPath $messageLm1).Hash; testSHA256 = (Get-FileHash -LiteralPath 'l2src/tests/lmx_model_scenario36_selftest.lm1').Hash } ||  || # ---------------------------------------------------------------------------
run_model_scenario36.ps1	108	DOT	. l2src/l2units_build.ps1 || $objs += @(Build-L2RuntimeUnits -L1Trans $l1trans -Out (Join-Path $out 'l2units') -IncludeDirs @($hdrs) -CFlags $cflags) || $objList = ($objs | ForEach-Object { Q $_ }) -join ' '
run_model_scenario36.ps1	120	TP	if (-not (Test-Path -LiteralPath $src)) { throw "missing core test $src" } || $ev["testSHA256_$test"] = (Get-FileHash -LiteralPath $src).Hash || $testC = Join-Path $out "$test.c"
run_model_scenario36.ps1	121	TS	$ev["testSHA256_$test"] = (Get-FileHash -LiteralPath $src).Hash || $testC = Join-Path $out "$test.c" || Step "translate_$test" (Invoke-Native ((Q $l1trans) + ' ' + $src + ' ' + (Q $testC)) (Join-Path $out "$test.translate.log")) (Join-Path $out "$test.translate.log")
run_msg_blocks.ps1	19	TS	if ($pin -notmatch '^[0-9A-F]{64}$') { throw "L1_PIN.txt must hold one 64-hex SHA256, got 'pin=$pin'" } || if ((Get-FileHash -LiteralPath $compiler).Hash -ne $pin) { || throw 'Stable compiler pin changed; reconcile before running this test.'
run_msg_blocks.ps1	20	TS	if ((Get-FileHash -LiteralPath $compiler).Hash -ne $pin) { || throw 'Stable compiler pin changed; reconcile before running this test.' || }
run_msg_blocks.ps1	34	TS	foreach ($file in $sources) { $sourceHashes[$file] = (Get-FileHash -LiteralPath $file).Hash } || $evidence = [ordered]@{ compiler = $compiler; compilerSHA256 = $pin; sources = $sourceHashes; optimization = $Optimization; stages = @(); result = 'RUNNING' } || function Invoke-BlockStage([string]$Name, [string]$Tool, [string[]]$NativeArgs) {
run_msg_blocks.ps1	35	TS	$evidence = [ordered]@{ compiler = $compiler; compilerSHA256 = $pin; sources = $sourceHashes; optimization = $Optimization; stages = @(); result = 'RUNNING' } || function Invoke-BlockStage([string]$Name, [string]$Tool, [string[]]$NativeArgs) { || # Arguments are controlled paths/flags, contain no literal double quotes.
run_msg_blocks.ps1	43	SP	$p = Start-Process -FilePath $Tool @argumentOption -WorkingDirectory $baseline ` || -WindowStyle Hidden -Wait -PassThru -RedirectStandardOutput $stdout -RedirectStandardError $stderr || $evidence.stages += [ordered]@{ name = $Name; tool = $Tool; arguments = $NativeArgs; exit = $p.ExitCode }
run_msg_blocks.ps1	82	TS	if ((Get-FileHash -LiteralPath $file).Hash -ne $sourceHashes[$file]) { || throw "Source changed during verification: $file" || }
run_msg_blocks.ps1	88	TS	$evidence.artifacts[$_.FullName] = (Get-FileHash -LiteralPath $_.FullName).Hash || } || $evidence.result = 'PASS'
run_msg_family_handoff.ps1	29	TS	if ($pin -notmatch '^[0-9A-F]{64}$') { throw "L1_PIN.txt must hold one 64-hex SHA256, got 'pin=$pin'" } || if ((Get-FileHash -LiteralPath $compiler).Hash -ne $pin) { throw 'Stable compiler pin changed.' } || $testSource = Join-Path $PSScriptRoot 'tests/lmx_msg_family_handoff_selftest.lm1'
run_msg_family_handoff.ps1	30	TS	if ((Get-FileHash -LiteralPath $compiler).Hash -ne $pin) { throw 'Stable compiler pin changed.' } || $testSource = Join-Path $PSScriptRoot 'tests/lmx_msg_family_handoff_selftest.lm1' || if ($Scenario -eq 'UnrootedAdopt') {
run_msg_family_handoff.ps1	35	TS	$testHash = (Get-FileHash -LiteralPath $testSource).Hash || $runnerHash = (Get-FileHash -LiteralPath $PSCommandPath).Hash || $runId = (Get-Date -Format 'yyyyMMdd_HHmmss_fff') + '_' + [guid]::NewGuid().ToString('N').Substring(0,8)
run_msg_family_handoff.ps1	36	TS	$runnerHash = (Get-FileHash -LiteralPath $PSCommandPath).Hash || $runId = (Get-Date -Format 'yyyyMMdd_HHmmss_fff') + '_' + [guid]::NewGuid().ToString('N').Substring(0,8) || $run = Join-Path $repo "build/codex/msg_family_handoff/$runId"
run_msg_family_handoff.ps1	43	TS	$evidence = [ordered]@{ compiler = $compiler; compilerSHA256 = $pin; requestedCore = $CoreCommit; optimization = $Optimization; scenario = $Scenario; testSource = $testSource; testSHA256 = $testHash; runnerSHA256 = $runnerHash; stages = @(); result = 'RUNNING' } || function Invoke-FamilyStage([string]$Name, [string]$Tool, [string[]]$NativeArgs) { || $quoted = ($NativeArgs | ForEach-Object { '"' + $_ + '"' }) -join ' '
run_msg_family_handoff.ps1	51	SP	$p = Start-Process -FilePath $Tool @argumentOption -WorkingDirectory $stageWorkingDir ` || -WindowStyle Hidden -Wait -PassThru -RedirectStandardOutput $stdout -RedirectStandardError $stderr || $evidence.stages += [ordered]@{ name = $Name; tool = $Tool; arguments = $NativeArgs; exit = $p.ExitCode }
run_msg_family_handoff.ps1	88	TS	$coreHashes[$path] = (Get-FileHash -LiteralPath $path).Hash || } || $evidence.coreSources = $coreHashes
run_msg_family_handoff.ps1	104	DOT	. (Join-Path $PSScriptRoot 'l2units_build.ps1') || $flags = @('-std=c99', '-Wall', '-Wextra', '-Wpedantic', '-Werror=incompatible-pointer-types', || '-Werror=discarded-qualifiers', '-Werror=implicit-function-declaration', '-Werror=implicit-int',
run_msg_family_handoff.ps1	130	TS	if ((Get-FileHash -LiteralPath $path).Hash -ne $coreHashes[$path]) { throw "Snapshot source changed: $path" } || } || if ((Get-FileHash -LiteralPath $compiler).Hash -ne $pin) { throw 'Compiler changed during verification.' }
run_msg_family_handoff.ps1	132	TS	if ((Get-FileHash -LiteralPath $compiler).Hash -ne $pin) { throw 'Compiler changed during verification.' } || if ((Get-FileHash -LiteralPath $testSource).Hash -ne $testHash -or (Get-FileHash -LiteralPath $PSCommandPath).Hash -ne $runnerHash) { throw 'Test or runner changed during verification.' } || $evidence.artifacts = @{}
run_msg_family_handoff.ps1	133	TS	if ((Get-FileHash -LiteralPath $testSource).Hash -ne $testHash -or (Get-FileHash -LiteralPath $PSCommandPath).Hash -ne $runnerHash) { throw 'Test or runner changed during verification.' } || $evidence.artifacts = @{} || Get-ChildItem -LiteralPath $run -File | ForEach-Object { $evidence.artifacts[$_.Name] = (Get-FileHash -LiteralPath $_.FullName).Hash }
run_msg_family_handoff.ps1	135	TS	Get-ChildItem -LiteralPath $run -File | ForEach-Object { $evidence.artifacts[$_.Name] = (Get-FileHash -LiteralPath $_.FullName).Hash } || $evidence.result = 'PASS' || } catch {
run_msg_liveness.ps1	16	TS	if ($pin -notmatch '^[0-9A-F]{64}$') { throw "L1_PIN.txt must hold one 64-hex SHA256, got 'pin=$pin'" } || if ((Get-FileHash -LiteralPath $compiler).Hash -ne $pin) { throw 'Stable compiler pin changed.' } || $runId = (Get-Date -Format 'yyyyMMdd_HHmmss_fff') + '_' + [guid]::NewGuid().ToString('N').Substring(0,8)
run_msg_liveness.ps1	17	TS	if ((Get-FileHash -LiteralPath $compiler).Hash -ne $pin) { throw 'Stable compiler pin changed.' } || $runId = (Get-Date -Format 'yyyyMMdd_HHmmss_fff') + '_' + [guid]::NewGuid().ToString('N').Substring(0,8) || $run = Join-Path $repo "build/codex/msg_liveness/$runId"
run_msg_liveness.ps1	30	TS	foreach ($source in $sources) { $hashes[$source] = (Get-FileHash -LiteralPath $source).Hash } || $evidence = [ordered]@{ compiler=$compiler; compilerSHA256=$pin; sources=$hashes; optimization=$Optimization; stages=@(); result='RUNNING' } || function Invoke-LivenessStage([string]$Name, [string]$Tool, [string[]]$NativeArgs) {
run_msg_liveness.ps1	31	TS	$evidence = [ordered]@{ compiler=$compiler; compilerSHA256=$pin; sources=$hashes; optimization=$Optimization; stages=@(); result='RUNNING' } || function Invoke-LivenessStage([string]$Name, [string]$Tool, [string[]]$NativeArgs) { || $options = @{}
run_msg_liveness.ps1	37	SP	$process = Start-Process -FilePath $Tool @options -WorkingDirectory $baseline -WindowStyle Hidden -Wait -PassThru -RedirectStandardOutput $stdout -RedirectStandardError $stderr || $evidence.stages += [ordered]@{ name=$Name; tool=$Tool; arguments=$NativeArgs; exit=$process.ExitCode } || if ($process.ExitCode -ne 0) {
run_msg_liveness.ps1	78	TS	if ((Get-FileHash -LiteralPath $source).Hash -ne $hashes[$source]) { throw "Source changed: $source" } || } || if ((Get-FileHash -LiteralPath $compiler).Hash -ne $pin) { throw 'Compiler changed during verification.' }
run_msg_liveness.ps1	80	TS	if ((Get-FileHash -LiteralPath $compiler).Hash -ne $pin) { throw 'Compiler changed during verification.' } || $evidence.artifacts = @{} || Get-ChildItem -LiteralPath $run -Recurse -File | ForEach-Object { $evidence.artifacts[$_.FullName] = (Get-FileHash -LiteralPath $_.FullName).Hash }
run_msg_liveness.ps1	82	TS	Get-ChildItem -LiteralPath $run -Recurse -File | ForEach-Object { $evidence.artifacts[$_.FullName] = (Get-FileHash -LiteralPath $_.FullName).Hash } || $evidence.result = 'PASS' || } catch {
run_msg_mail_chain.ps1	19	TS	if ($pin -notmatch '^[0-9A-F]{64}$') { throw "L1_PIN.txt must hold one 64-hex SHA256, got 'pin=$pin'" } || if ((Get-FileHash -LiteralPath $compiler).Hash -ne $pin) { throw 'Stable compiler pin changed.' } || $runId = (Get-Date -Format 'yyyyMMdd_HHmmss_fff') + '_' + [guid]::NewGuid().ToString('N').Substring(0,8)
run_msg_mail_chain.ps1	20	TS	if ((Get-FileHash -LiteralPath $compiler).Hash -ne $pin) { throw 'Stable compiler pin changed.' } || $runId = (Get-Date -Format 'yyyyMMdd_HHmmss_fff') + '_' + [guid]::NewGuid().ToString('N').Substring(0,8) || $run = Join-Path $repo "build/codex/msg_mail_chain/$runId"
run_msg_mail_chain.ps1	29	TS	foreach ($file in $sources) { $hashes[$file] = (Get-FileHash -LiteralPath $file).Hash } || $stageWorkingDir = $repo || $evidence = [ordered]@{ compiler = $compiler; compilerSHA256 = $pin; requestedCore = $CoreCommit; optimization = $Optimization; sources = $hashes; stages = @(); result = 'RUNNING' }
run_msg_mail_chain.ps1	31	TS	$evidence = [ordered]@{ compiler = $compiler; compilerSHA256 = $pin; requestedCore = $CoreCommit; optimization = $Optimization; sources = $hashes; stages = @(); result = 'RUNNING' } || function Invoke-ChainStage([string]$Name, [string]$Tool, [string[]]$NativeArgs) { || $quoted = ($NativeArgs | ForEach-Object { '"' + $_ + '"' }) -join ' '
run_msg_mail_chain.ps1	38	SP	$p = Start-Process -FilePath $Tool @argumentOption -WorkingDirectory $stageWorkingDir ` || -WindowStyle Hidden -Wait -PassThru -RedirectStandardOutput $stdout -RedirectStandardError $stderr || $evidence.stages += [ordered]@{ name = $Name; tool = $Tool; arguments = $NativeArgs; exit = $p.ExitCode }
run_msg_mail_chain.ps1	65	TS	$snapshotHashes[$file] = (Get-FileHash -LiteralPath $file).Hash || } || $evidence.snapshotSources = $snapshotHashes
run_msg_mail_chain.ps1	95	TS	if ((Get-FileHash -LiteralPath $file).Hash -ne $hashes[$file]) { throw "Source changed: $file" } || } || foreach ($file in $snapshotHashes.Keys) {
run_msg_mail_chain.ps1	98	TS	if ((Get-FileHash -LiteralPath $file).Hash -ne $snapshotHashes[$file]) { throw "Snapshot changed: $file" } || } || if ((Get-FileHash -LiteralPath $compiler).Hash -ne $pin) { throw 'Compiler changed.' }
run_msg_mail_chain.ps1	100	TS	if ((Get-FileHash -LiteralPath $compiler).Hash -ne $pin) { throw 'Compiler changed.' } || $evidence.artifacts = @{} || Get-ChildItem -LiteralPath $run -File | ForEach-Object { $evidence.artifacts[$_.Name] = (Get-FileHash -LiteralPath $_.FullName).Hash }
run_msg_mail_chain.ps1	102	TS	Get-ChildItem -LiteralPath $run -File | ForEach-Object { $evidence.artifacts[$_.Name] = (Get-FileHash -LiteralPath $_.FullName).Hash } || $evidence.result = 'PASS' || } catch {
run_msg_path_storage.ps1	8	TS	if ($pin -notmatch '^[0-9A-F]{64}$') { throw "L1_PIN.txt must hold one 64-hex SHA256, got 'pin=$pin'" } || if ((Get-FileHash -LiteralPath $compiler).Hash -ne $pin) { throw 'Stable compiler pin changed.' } || $runId = (Get-Date -Format 'yyyyMMdd_HHmmss_fff') + '_' + [guid]::NewGuid().ToString('N').Substring(0,8)
run_msg_path_storage.ps1	9	TS	if ((Get-FileHash -LiteralPath $compiler).Hash -ne $pin) { throw 'Stable compiler pin changed.' } || $runId = (Get-Date -Format 'yyyyMMdd_HHmmss_fff') + '_' + [guid]::NewGuid().ToString('N').Substring(0,8) || $run = Join-Path $repo "build/codex/msg_path_storage/$runId"
run_msg_path_storage.ps1	21	TS	foreach ($file in $sources) { $hashes[$file] = (Get-FileHash -LiteralPath $file).Hash } || $evidence = [ordered]@{ compiler = $compiler; compilerSHA256 = $pin; sources = $hashes; stages = @(); result = 'RUNNING' } || function Invoke-PathStage([string]$Name, [string]$Tool, [string[]]$NativeArgs) {
run_msg_path_storage.ps1	22	TS	$evidence = [ordered]@{ compiler = $compiler; compilerSHA256 = $pin; sources = $hashes; stages = @(); result = 'RUNNING' } || function Invoke-PathStage([string]$Name, [string]$Tool, [string[]]$NativeArgs) { || $quoted = ($NativeArgs | ForEach-Object { '"' + $_ + '"' }) -join ' '
run_msg_path_storage.ps1	27	SP	$p = Start-Process -FilePath $Tool -ArgumentList $quoted -WorkingDirectory $baseline ` || -WindowStyle Hidden -Wait -PassThru -RedirectStandardOutput $stdout -RedirectStandardError $stderr || $evidence.stages += [ordered]@{ name = $Name; tool = $Tool; arguments = $NativeArgs; exit = $p.ExitCode }
run_msg_path_storage.ps1	64	TS	if ((Get-FileHash -LiteralPath $file).Hash -ne $hashes[$file]) { throw "Source changed: $file" } || } || if ((Get-FileHash -LiteralPath $compiler).Hash -ne $pin) { throw 'Compiler changed during verification.' }
run_msg_path_storage.ps1	66	TS	if ((Get-FileHash -LiteralPath $compiler).Hash -ne $pin) { throw 'Compiler changed during verification.' } || $evidence.artifacts = @{} || Get-ChildItem -LiteralPath $run -Recurse -File | ForEach-Object { $evidence.artifacts[$_.FullName] = (Get-FileHash -LiteralPath $_.FullName).Hash }
run_msg_path_storage.ps1	68	TS	Get-ChildItem -LiteralPath $run -Recurse -File | ForEach-Object { $evidence.artifacts[$_.FullName] = (Get-FileHash -LiteralPath $_.FullName).Hash } || $evidence.result = 'PASS' || } catch {
run_msg_send_local.ps1	20	TS	if ($pin -notmatch '^[0-9A-F]{64}$') { throw "L1_PIN.txt must hold one 64-hex SHA256, got 'pin=$pin'" } || if ((Get-FileHash -LiteralPath $compiler).Hash -ne $pin) { throw 'Stable compiler pin changed.' } || $testSource = Join-Path $PSScriptRoot 'tests/lmx_msg_send_local_selftest.lm1'
run_msg_send_local.ps1	21	TS	if ((Get-FileHash -LiteralPath $compiler).Hash -ne $pin) { throw 'Stable compiler pin changed.' } || $testSource = Join-Path $PSScriptRoot 'tests/lmx_msg_send_local_selftest.lm1' || $testHash = (Get-FileHash -LiteralPath $testSource).Hash
run_msg_send_local.ps1	23	TS	$testHash = (Get-FileHash -LiteralPath $testSource).Hash || $runnerHash = (Get-FileHash -LiteralPath $PSCommandPath).Hash || $runId = (Get-Date -Format 'yyyyMMdd_HHmmss_fff') + '_' + [guid]::NewGuid().ToString('N').Substring(0,8)
run_msg_send_local.ps1	24	TS	$runnerHash = (Get-FileHash -LiteralPath $PSCommandPath).Hash || $runId = (Get-Date -Format 'yyyyMMdd_HHmmss_fff') + '_' + [guid]::NewGuid().ToString('N').Substring(0,8) || $run = Join-Path $repo "build/codex/msg_send_local/$runId"
run_msg_send_local.ps1	31	TS	$evidence = [ordered]@{ compiler = $compiler; compilerSHA256 = $pin; requestedCore = $CoreCommit; optimization = $Optimization; testSHA256 = $testHash; runnerSHA256 = $runnerHash; stages = @(); result = 'RUNNING' } || function Invoke-SendStage([string]$Name, [string]$Tool, [string[]]$NativeArgs) { || $quoted = ($NativeArgs | ForEach-Object { '"' + $_ + '"' }) -join ' '
run_msg_send_local.ps1	39	SP	$p = Start-Process -FilePath $Tool @argumentOption -WorkingDirectory $stageWorkingDir ` || -WindowStyle Hidden -Wait -PassThru -RedirectStandardOutput $stdout -RedirectStandardError $stderr || $evidence.stages += [ordered]@{ name = $Name; tool = $Tool; arguments = $NativeArgs; exit = $p.ExitCode }
run_msg_send_local.ps1	76	TS	$coreHashes[$path] = (Get-FileHash -LiteralPath $path).Hash || } || $evidence.coreSources = $coreHashes
run_msg_send_local.ps1	92	DOT	. (Join-Path $PSScriptRoot 'l2units_build.ps1') || $flags = @('-std=c99', '-Wall', '-Wextra', '-Wpedantic', '-Werror=incompatible-pointer-types', || '-Werror=discarded-qualifiers', '-Werror=implicit-function-declaration', '-Werror=implicit-int',
run_msg_send_local.ps1	114	TS	if ((Get-FileHash -LiteralPath $path).Hash -ne $coreHashes[$path]) { throw "Snapshot source changed: $path" } || } || if ((Get-FileHash -LiteralPath $compiler).Hash -ne $pin) { throw 'Compiler changed during verification.' }
run_msg_send_local.ps1	116	TS	if ((Get-FileHash -LiteralPath $compiler).Hash -ne $pin) { throw 'Compiler changed during verification.' } || if ((Get-FileHash -LiteralPath $testSource).Hash -ne $testHash -or (Get-FileHash -LiteralPath $PSCommandPath).Hash -ne $runnerHash) { throw 'Test or runner changed during verification.' } || $evidence.artifacts = @{}
run_msg_send_local.ps1	117	TS	if ((Get-FileHash -LiteralPath $testSource).Hash -ne $testHash -or (Get-FileHash -LiteralPath $PSCommandPath).Hash -ne $runnerHash) { throw 'Test or runner changed during verification.' } || $evidence.artifacts = @{} || Get-ChildItem -LiteralPath $run -File | ForEach-Object { $evidence.artifacts[$_.Name] = (Get-FileHash -LiteralPath $_.FullName).Hash }
run_msg_send_local.ps1	119	TS	Get-ChildItem -LiteralPath $run -File | ForEach-Object { $evidence.artifacts[$_.Name] = (Get-FileHash -LiteralPath $_.FullName).Hash } || $evidence.result = 'PASS' || } catch {
run_msg_slots.ps1	8	TS	if ($pin -notmatch '^[0-9A-F]{64}$') { throw "L1_PIN.txt must hold one 64-hex SHA256, got 'pin=$pin'" } || if ((Get-FileHash -LiteralPath $compiler).Hash -ne $pin) { throw 'Stable compiler pin changed.' } || $runId = (Get-Date -Format 'yyyyMMdd_HHmmss_fff') + '_' + [guid]::NewGuid().ToString('N').Substring(0,8)
run_msg_slots.ps1	9	TS	if ((Get-FileHash -LiteralPath $compiler).Hash -ne $pin) { throw 'Stable compiler pin changed.' } || $runId = (Get-Date -Format 'yyyyMMdd_HHmmss_fff') + '_' + [guid]::NewGuid().ToString('N').Substring(0,8) || $run = Join-Path $repo "build/codex/msg_slots/$runId"
run_msg_slots.ps1	18	TS	foreach ($file in $sources) { $hashes[$file] = (Get-FileHash -LiteralPath $file).Hash } || $stageWorkingDir = $repo || $evidence = [ordered]@{ compiler = $compiler; compilerSHA256 = $pin; requestedCore = $CoreCommit; sources = $hashes; stages = @(); result = 'RUNNING' }
run_msg_slots.ps1	20	TS	$evidence = [ordered]@{ compiler = $compiler; compilerSHA256 = $pin; requestedCore = $CoreCommit; sources = $hashes; stages = @(); result = 'RUNNING' } || function Invoke-SlotsStage([string]$Name, [string]$Tool, [string[]]$NativeArgs) { || $quoted = ($NativeArgs | ForEach-Object { '"' + $_ + '"' }) -join ' '
run_msg_slots.ps1	27	SP	$p = Start-Process -FilePath $Tool @argumentOption -WorkingDirectory $stageWorkingDir ` || -WindowStyle Hidden -Wait -PassThru -RedirectStandardOutput $stdout -RedirectStandardError $stderr || $evidence.stages += [ordered]@{ name = $Name; tool = $Tool; arguments = $NativeArgs; exit = $p.ExitCode }
run_msg_slots.ps1	54	TS	$snapshotHashes[$file] = (Get-FileHash -LiteralPath $file).Hash || } || $evidence.snapshotSources = $snapshotHashes
run_msg_slots.ps1	84	TS	if ((Get-FileHash -LiteralPath $file).Hash -ne $hashes[$file]) { throw "Source changed: $file" } || } || foreach ($file in $snapshotHashes.Keys) {
run_msg_slots.ps1	87	TS	if ((Get-FileHash -LiteralPath $file).Hash -ne $snapshotHashes[$file]) { throw "Snapshot changed: $file" } || } || if ((Get-FileHash -LiteralPath $compiler).Hash -ne $pin) { throw 'Compiler changed.' }
run_msg_slots.ps1	89	TS	if ((Get-FileHash -LiteralPath $compiler).Hash -ne $pin) { throw 'Compiler changed.' } || $evidence.artifacts = @{} || Get-ChildItem -LiteralPath $run -File | ForEach-Object { $evidence.artifacts[$_.Name] = (Get-FileHash -LiteralPath $_.FullName).Hash }
run_msg_slots.ps1	91	TS	Get-ChildItem -LiteralPath $run -File | ForEach-Object { $evidence.artifacts[$_.Name] = (Get-FileHash -LiteralPath $_.FullName).Hash } || $evidence.result = 'PASS' || } catch {
run_msg_storage.ps1	9	TS	if ($pin -notmatch '^[0-9A-F]{64}$') { throw "L1_PIN.txt must hold one 64-hex SHA256, got 'pin=$pin'" } || if ((Get-FileHash -LiteralPath $compiler).Hash -ne $pin) { throw 'Stable compiler pin changed.' } || $runId = (Get-Date -Format 'yyyyMMdd_HHmmss_fff') + '_' + [guid]::NewGuid().ToString('N').Substring(0,8)
run_msg_storage.ps1	10	TS	if ((Get-FileHash -LiteralPath $compiler).Hash -ne $pin) { throw 'Stable compiler pin changed.' } || $runId = (Get-Date -Format 'yyyyMMdd_HHmmss_fff') + '_' + [guid]::NewGuid().ToString('N').Substring(0,8) || $run = Join-Path $repo "build/codex/msg_storage/$runId"
run_msg_storage.ps1	26	TS	foreach ($file in $sources) { $hashes[$file] = (Get-FileHash -LiteralPath $file).Hash } || $evidence = [ordered]@{ compiler = $compiler; compilerSHA256 = $pin; sources = $hashes; stages = @(); result = 'RUNNING' } || function Invoke-StorageStage([string]$Name, [string]$Tool, [string[]]$NativeArgs) {
run_msg_storage.ps1	27	TS	$evidence = [ordered]@{ compiler = $compiler; compilerSHA256 = $pin; sources = $hashes; stages = @(); result = 'RUNNING' } || function Invoke-StorageStage([string]$Name, [string]$Tool, [string[]]$NativeArgs) { || $quoted = ($NativeArgs | ForEach-Object { '"' + $_ + '"' }) -join ' '
run_msg_storage.ps1	32	SP	$p = Start-Process -FilePath $Tool -ArgumentList $quoted -WorkingDirectory $baseline ` || -WindowStyle Hidden -Wait -PassThru -RedirectStandardOutput $stdout -RedirectStandardError $stderr || $evidence.stages += [ordered]@{ name = $Name; tool = $Tool; arguments = $NativeArgs; exit = $p.ExitCode }
run_msg_storage.ps1	82	TS	if ((Get-FileHash -LiteralPath $file).Hash -ne $hashes[$file]) { throw "Source changed: $file" } || } || if ((Get-FileHash -LiteralPath $compiler).Hash -ne $pin) { throw 'Compiler changed during verification.' }
run_msg_storage.ps1	84	TS	if ((Get-FileHash -LiteralPath $compiler).Hash -ne $pin) { throw 'Compiler changed during verification.' } || $evidence.artifacts = @{} || Get-ChildItem -LiteralPath $run -Recurse -File | ForEach-Object {
run_msg_storage.ps1	87	TS	$evidence.artifacts[$_.FullName] = (Get-FileHash -LiteralPath $_.FullName).Hash || } || $evidence.result = 'PASS'
run_msg_visit.ps1	16	TS	if ($pin -notmatch '^[0-9A-F]{64}$') { throw "L1_PIN.txt must hold one 64-hex SHA256, got 'pin=$pin'" } || if ((Get-FileHash -LiteralPath $compiler).Hash -ne $pin) { throw 'Stable compiler pin changed.' } || $runId = (Get-Date -Format 'yyyyMMdd_HHmmss_fff') + '_' + [guid]::NewGuid().ToString('N').Substring(0,8)
run_msg_visit.ps1	17	TS	if ((Get-FileHash -LiteralPath $compiler).Hash -ne $pin) { throw 'Stable compiler pin changed.' } || $runId = (Get-Date -Format 'yyyyMMdd_HHmmss_fff') + '_' + [guid]::NewGuid().ToString('N').Substring(0,8) || $run = Join-Path $repo "build/codex/msg_visit/$runId"
run_msg_visit.ps1	27	TS	foreach ($source in $sources) { $hashes[$source] = (Get-FileHash -LiteralPath $source).Hash } || $evidence = [ordered]@{ compiler=$compiler; compilerSHA256=$pin; sources=$hashes; optimization=$Optimization; stages=@(); result='RUNNING' } || function Invoke-VisitStage([string]$Name, [string]$Tool, [string[]]$NativeArgs) {
run_msg_visit.ps1	28	TS	$evidence = [ordered]@{ compiler=$compiler; compilerSHA256=$pin; sources=$hashes; optimization=$Optimization; stages=@(); result='RUNNING' } || function Invoke-VisitStage([string]$Name, [string]$Tool, [string[]]$NativeArgs) { || $options = @{}
run_msg_visit.ps1	34	SP	$process = Start-Process -FilePath $Tool @options -WorkingDirectory $baseline -WindowStyle Hidden -Wait -PassThru -RedirectStandardOutput $stdout -RedirectStandardError $stderr || $evidence.stages += [ordered]@{ name=$Name; tool=$Tool; arguments=$NativeArgs; exit=$process.ExitCode } || if ($process.ExitCode -ne 0) {
run_msg_visit.ps1	73	TS	if ((Get-FileHash -LiteralPath $source).Hash -ne $hashes[$source]) { throw "Source changed: $source" } || } || if ((Get-FileHash -LiteralPath $compiler).Hash -ne $pin) { throw 'Compiler changed during verification.' }
run_msg_visit.ps1	75	TS	if ((Get-FileHash -LiteralPath $compiler).Hash -ne $pin) { throw 'Compiler changed during verification.' } || $evidence.artifacts = @{} || Get-ChildItem -LiteralPath $run -Recurse -File | ForEach-Object { $evidence.artifacts[$_.FullName] = (Get-FileHash -LiteralPath $_.FullName).Hash }
run_msg_visit.ps1	77	TS	Get-ChildItem -LiteralPath $run -Recurse -File | ForEach-Object { $evidence.artifacts[$_.FullName] = (Get-FileHash -LiteralPath $_.FullName).Hash } || $evidence.result = 'PASS' || } catch {
run_owned_ranges.ps1	9	TS	if ($pin -notmatch '^[0-9A-F]{64}$') { throw "L1_PIN.txt must hold one 64-hex SHA256, got 'pin=$pin'" } || if ((Get-FileHash -LiteralPath $compiler).Hash -ne $pin) { throw 'Stable compiler pin changed.' } || $runId = (Get-Date -Format 'yyyyMMdd_HHmmss_fff') + '_' + [guid]::NewGuid().ToString('N').Substring(0,8)
run_owned_ranges.ps1	10	TS	if ((Get-FileHash -LiteralPath $compiler).Hash -ne $pin) { throw 'Stable compiler pin changed.' } || $runId = (Get-Date -Format 'yyyyMMdd_HHmmss_fff') + '_' + [guid]::NewGuid().ToString('N').Substring(0,8) || $run = Join-Path $repo "build/codex/owned_ranges/$runId"
run_owned_ranges.ps1	22	TS	foreach ($file in $sources) { $hashes[$file] = (Get-FileHash -LiteralPath $file).Hash } || $evidence = [ordered]@{ compiler = $compiler; compilerSHA256 = $pin; sources = $hashes; stages = @(); result = 'RUNNING' } || function Invoke-RangeStage([string]$Name, [string]$Tool, [string[]]$NativeArgs) {
run_owned_ranges.ps1	23	TS	$evidence = [ordered]@{ compiler = $compiler; compilerSHA256 = $pin; sources = $hashes; stages = @(); result = 'RUNNING' } || function Invoke-RangeStage([string]$Name, [string]$Tool, [string[]]$NativeArgs) { || $quoted = ($NativeArgs | ForEach-Object { '"' + $_ + '"' }) -join ' '
run_owned_ranges.ps1	28	SP	$p = Start-Process -FilePath $Tool -ArgumentList $quoted -WorkingDirectory $baseline ` || -WindowStyle Hidden -Wait -PassThru -RedirectStandardOutput $stdout -RedirectStandardError $stderr || $evidence.stages += [ordered]@{ name = $Name; tool = $Tool; arguments = $NativeArgs; exit = $p.ExitCode }
run_owned_ranges.ps1	66	TS	if ((Get-FileHash -LiteralPath $file).Hash -ne $hashes[$file]) { throw "Source changed: $file" } || } || if ((Get-FileHash -LiteralPath $compiler).Hash -ne $pin) { throw 'Compiler changed during verification.' }
run_owned_ranges.ps1	68	TS	if ((Get-FileHash -LiteralPath $compiler).Hash -ne $pin) { throw 'Compiler changed during verification.' } || $evidence.artifacts = @{} || Get-ChildItem -LiteralPath $run -Recurse -File | ForEach-Object {
run_owned_ranges.ps1	71	TS	$evidence.artifacts[$_.FullName] = (Get-FileHash -LiteralPath $_.FullName).Hash || } || $evidence.result = 'PASS'
run_port_array_owned.ps1	32	TP	if (-not (Test-Path -LiteralPath $TranslatorPath)) { throw "missing L1 translator $TranslatorPath" } || $l1trans = (Resolve-Path -LiteralPath $TranslatorPath).ProviderPath || 
run_port_array_owned.ps1	37	TS	if ($pin -notmatch '^[0-9A-F]{64}$') { throw "l2src/L1_PIN.txt must hold one 64-hex SHA256, got '$pin'" } || $l1transHash = (Get-FileHash -LiteralPath $l1trans).Hash || if ($l1transHash -ne $pin) { throw "translator $l1trans is $l1transHash, but l2src/L1_PIN.txt pins $pin" }
run_port_array_owned.ps1	38	TS	$l1transHash = (Get-FileHash -LiteralPath $l1trans).Hash || if ($l1transHash -ne $pin) { throw "translator $l1trans is $l1transHash, but l2src/L1_PIN.txt pins $pin" } || 
run_port_array_owned.ps1	59	TP	$tail = if (Test-Path -LiteralPath $log) { (Get-Content -LiteralPath $log -Raw) } else { '' } || throw "$name exit $code`n$tail" || }
run_port_array_owned.ps1	64	TS	$ev = [ordered]@{ stamp = $stamp; baseline = $baseline; translator = $l1trans; translatorSHA256 = $l1transHash } ||  || $redirects = @(
run_port_array_owned.ps1	100	DOT	. l2src/l2units_build.ps1 || $objs += @(Build-L2RuntimeUnits -L1Trans $l1trans -Out (Join-Path $out 'l2units') -IncludeDirs @($hdrs) -CFlags $cflags) || $objList = ($objs | ForEach-Object { Q $_ }) -join ' '
run_port_array_owned.ps1	133	TS	$ev.sourceSHA256 = (Get-FileHash -LiteralPath $lm2).Hash || $gen = Join-Path $out 'generated.lm1' || Step 'l2trans_module' (Invoke-Native ((Q $l2exe) + ' ' + (Q $lm2) + ' ' + (Q $gen)) (Join-Path $out 'module.l2trans.log')) (Join-Path $out 'module.l2trans.log')
run_port_array_owned.ps1	231	TS	$ev.generatedSHA256 = (Get-FileHash -LiteralPath $gen).Hash || $ev.l2transSHA256 = (Get-FileHash -LiteralPath $l2exe).Hash || 
run_port_array_owned.ps1	232	TS	$ev.l2transSHA256 = (Get-FileHash -LiteralPath $l2exe).Hash ||  || $evPath = Join-Path $out 'evidence.json'
run_port_array_ref_owned.ps1	33	TP	if (-not (Test-Path -LiteralPath $TranslatorPath)) { throw "missing L1 translator $TranslatorPath" } || $l1trans = (Resolve-Path -LiteralPath $TranslatorPath).ProviderPath || 
run_port_array_ref_owned.ps1	38	TS	if ($pin -notmatch '^[0-9A-F]{64}$') { throw "l2src/L1_PIN.txt must hold one 64-hex SHA256, got '$pin'" } || $l1transHash = (Get-FileHash -LiteralPath $l1trans).Hash || if ($l1transHash -ne $pin) { throw "translator $l1trans is $l1transHash, but l2src/L1_PIN.txt pins $pin" }
run_port_array_ref_owned.ps1	39	TS	$l1transHash = (Get-FileHash -LiteralPath $l1trans).Hash || if ($l1transHash -ne $pin) { throw "translator $l1trans is $l1transHash, but l2src/L1_PIN.txt pins $pin" } || 
run_port_array_ref_owned.ps1	60	TP	$tail = if (Test-Path -LiteralPath $log) { (Get-Content -LiteralPath $log -Raw) } else { '' } || throw "$name exit $code`n$tail" || }
run_port_array_ref_owned.ps1	65	TS	$ev = [ordered]@{ stamp = $stamp; baseline = $baseline; translator = $l1trans; translatorSHA256 = $l1transHash } ||  || $redirects = @(
run_port_array_ref_owned.ps1	101	DOT	. l2src/l2units_build.ps1 || $objs += @(Build-L2RuntimeUnits -L1Trans $l1trans -Out (Join-Path $out 'l2units') -IncludeDirs @($hdrs) -CFlags $cflags) || $objList = ($objs | ForEach-Object { Q $_ }) -join ' '
run_port_array_ref_owned.ps1	134	TS	$ev.sourceSHA256 = (Get-FileHash -LiteralPath $lm2).Hash || $gen = Join-Path $out 'generated.lm1' || Step 'l2trans_module' (Invoke-Native ((Q $l2exe) + ' ' + (Q $lm2) + ' ' + (Q $gen)) (Join-Path $out 'module.l2trans.log')) (Join-Path $out 'module.l2trans.log')
run_port_array_ref_owned.ps1	231	TS	$ev.generatedSHA256 = (Get-FileHash -LiteralPath $gen).Hash || $ev.l2transSHA256 = (Get-FileHash -LiteralPath $l2exe).Hash || 
run_port_array_ref_owned.ps1	232	TS	$ev.l2transSHA256 = (Get-FileHash -LiteralPath $l2exe).Hash ||  || $evPath = Join-Path $out 'evidence.json'
run_port_branch_owned.ps1	35	TP	if (-not (Test-Path -LiteralPath $TranslatorPath)) { throw "missing L1 translator $TranslatorPath" } || $l1trans = (Resolve-Path -LiteralPath $TranslatorPath).ProviderPath || 
run_port_branch_owned.ps1	40	TS	if ($pin -notmatch '^[0-9A-F]{64}$') { throw "l2src/L1_PIN.txt must hold one 64-hex SHA256, got '$pin'" } || $l1transHash = (Get-FileHash -LiteralPath $l1trans).Hash || if ($l1transHash -ne $pin) { throw "translator $l1trans is $l1transHash, but l2src/L1_PIN.txt pins $pin" }
run_port_branch_owned.ps1	41	TS	$l1transHash = (Get-FileHash -LiteralPath $l1trans).Hash || if ($l1transHash -ne $pin) { throw "translator $l1trans is $l1transHash, but l2src/L1_PIN.txt pins $pin" } || 
run_port_branch_owned.ps1	61	TP	$tail = if (Test-Path -LiteralPath $log) { (Get-Content -LiteralPath $log -Raw) } else { '' } || throw "$name exit $code`n$tail" || }
run_port_branch_owned.ps1	66	TS	$ev = [ordered]@{ stamp = $stamp; baseline = $baseline; translator = $l1trans; translatorSHA256 = $l1transHash } ||  || # Every exported operation is redirected, or the test would quietly keep
run_port_branch_owned.ps1	105	DOT	. l2src/l2units_build.ps1 || $objs += @(Build-L2RuntimeUnits -L1Trans $l1trans -Out (Join-Path $out 'l2units') -IncludeDirs @($hdrs) -CFlags $cflags) || $objList = ($objs | ForEach-Object { Q $_ }) -join ' '
run_port_branch_owned.ps1	136	TS	$ev.sourceSHA256 = (Get-FileHash -LiteralPath $lm2).Hash || $gen = Join-Path $out 'generated.lm1' || Step 'l2trans_module' (Invoke-Native ((Q $l2exe) + ' ' + (Q $lm2) + ' ' + (Q $gen)) (Join-Path $out 'module.l2trans.log')) (Join-Path $out 'module.l2trans.log')
run_port_branch_owned.ps1	248	TS	$ev.generatedSHA256 = (Get-FileHash -LiteralPath $gen).Hash || $ev.l2transSHA256 = (Get-FileHash -LiteralPath $l2exe).Hash || 
run_port_branch_owned.ps1	249	TS	$ev.l2transSHA256 = (Get-FileHash -LiteralPath $l2exe).Hash ||  || $evPath = Join-Path $out 'evidence.json'
run_port_chars_owned.ps1	34	TP	if (-not (Test-Path -LiteralPath $TranslatorPath)) { throw "missing L1 translator $TranslatorPath" } || $l1trans = (Resolve-Path -LiteralPath $TranslatorPath).ProviderPath || 
run_port_chars_owned.ps1	39	TS	if ($pin -notmatch '^[0-9A-F]{64}$') { throw "l2src/L1_PIN.txt must hold one 64-hex SHA256, got '$pin'" } || $l1transHash = (Get-FileHash -LiteralPath $l1trans).Hash || if ($l1transHash -ne $pin) { throw "translator $l1trans is $l1transHash, but l2src/L1_PIN.txt pins $pin" }
run_port_chars_owned.ps1	40	TS	$l1transHash = (Get-FileHash -LiteralPath $l1trans).Hash || if ($l1transHash -ne $pin) { throw "translator $l1trans is $l1transHash, but l2src/L1_PIN.txt pins $pin" } || 
run_port_chars_owned.ps1	61	TP	$tail = if (Test-Path -LiteralPath $log) { (Get-Content -LiteralPath $log -Raw) } else { '' } || throw "$name exit $code`n$tail" || }
run_port_chars_owned.ps1	66	TS	$ev = [ordered]@{ stamp = $stamp; baseline = $baseline; translator = $l1trans; translatorSHA256 = $l1transHash } ||  || # Every exported operation is redirected, or the test would quietly keep
run_port_chars_owned.ps1	107	DOT	. l2src/l2units_build.ps1 || $objs += @(Build-L2RuntimeUnits -L1Trans $l1trans -Out (Join-Path $out 'l2units') -IncludeDirs @($hdrs) -CFlags $cflags) || $objList = ($objs | ForEach-Object { Q $_ }) -join ' '
run_port_chars_owned.ps1	141	TS	$ev.sourceSHA256 = (Get-FileHash -LiteralPath $lm2).Hash || $gen = Join-Path $out 'generated.lm1' || Step 'l2trans_module' (Invoke-Native ((Q $l2exe) + ' ' + (Q $lm2) + ' ' + (Q $gen)) (Join-Path $out 'module.l2trans.log')) (Join-Path $out 'module.l2trans.log')
run_port_chars_owned.ps1	249	TS	$ev.generatedSHA256 = (Get-FileHash -LiteralPath $gen).Hash || $ev.l2transSHA256 = (Get-FileHash -LiteralPath $l2exe).Hash || 
run_port_chars_owned.ps1	250	TS	$ev.l2transSHA256 = (Get-FileHash -LiteralPath $l2exe).Hash ||  || $evPath = Join-Path $out 'evidence.json'
run_port_graph_copy_owned.ps1	38	TP	if (-not (Test-Path -LiteralPath $TranslatorPath)) { throw "missing L1 translator $TranslatorPath" } || $l1trans = (Resolve-Path -LiteralPath $TranslatorPath).ProviderPath || 
run_port_graph_copy_owned.ps1	43	TS	if ($pin -notmatch '^[0-9A-F]{64}$') { throw "l2src/L1_PIN.txt must hold one 64-hex SHA256, got '$pin'" } || $l1transHash = (Get-FileHash -LiteralPath $l1trans).Hash || if ($l1transHash -ne $pin) { throw "translator $l1trans is $l1transHash, but l2src/L1_PIN.txt pins $pin" }
run_port_graph_copy_owned.ps1	44	TS	$l1transHash = (Get-FileHash -LiteralPath $l1trans).Hash || if ($l1transHash -ne $pin) { throw "translator $l1trans is $l1transHash, but l2src/L1_PIN.txt pins $pin" } || 
run_port_graph_copy_owned.ps1	66	TP	$tail = if (Test-Path -LiteralPath $log) { (Get-Content -LiteralPath $log -Raw) } else { '' } || throw "$name exit $code`n$tail" || }
run_port_graph_copy_owned.ps1	71	TS	$ev = [ordered]@{ stamp = $stamp; baseline = $baseline; translator = $l1trans; translatorSHA256 = $l1transHash } ||  || # ---------------------------------------------------------------------------
run_port_graph_copy_owned.ps1	112	DOT	. l2src/l2units_build.ps1 || $plainObjs += @(Build-L2RuntimeUnits -L1Trans $l1trans -Out (Join-Path $out 'l2units') -IncludeDirs @($hdrs) -CFlags $cflags) || 
run_port_graph_copy_owned.ps1	158	TS	$ev.sourceSHA256 = (Get-FileHash -LiteralPath $lm2).Hash || $gen = Join-Path $out 'generated.lm1' || Step 'l2trans_module' (Invoke-Native ((Q $l2exe) + ' ' + (Q $lm2) + ' ' + (Q $gen)) (Join-Path $out 'module.l2trans.log')) (Join-Path $out 'module.l2trans.log')
run_port_graph_copy_owned.ps1	255	TS	$ev.generatedSHA256 = (Get-FileHash -LiteralPath $gen).Hash || $ev.l2transSHA256 = (Get-FileHash -LiteralPath $l2exe).Hash || 
run_port_graph_copy_owned.ps1	256	TS	$ev.l2transSHA256 = (Get-FileHash -LiteralPath $l2exe).Hash ||  || $evPath = Join-Path $out 'evidence.json'
run_port_merge_owned.ps1	35	TP	if (-not (Test-Path -LiteralPath $TranslatorPath)) { throw "missing L1 translator $TranslatorPath" } || $l1trans = (Resolve-Path -LiteralPath $TranslatorPath).ProviderPath || 
run_port_merge_owned.ps1	40	TS	if ($pin -notmatch '^[0-9A-F]{64}$') { throw "l2src/L1_PIN.txt must hold one 64-hex SHA256, got '$pin'" } || $l1transHash = (Get-FileHash -LiteralPath $l1trans).Hash || if ($l1transHash -ne $pin) { throw "translator $l1trans is $l1transHash, but l2src/L1_PIN.txt pins $pin" }
run_port_merge_owned.ps1	41	TS	$l1transHash = (Get-FileHash -LiteralPath $l1trans).Hash || if ($l1transHash -ne $pin) { throw "translator $l1trans is $l1transHash, but l2src/L1_PIN.txt pins $pin" } || 
run_port_merge_owned.ps1	63	TP	$tail = if (Test-Path -LiteralPath $log) { (Get-Content -LiteralPath $log -Raw) } else { '' } || throw "$name exit $code`n$tail" || }
run_port_merge_owned.ps1	68	TS	$ev = [ordered]@{ stamp = $stamp; baseline = $baseline; translator = $l1trans; translatorSHA256 = $l1transHash } ||  || # ---------------------------------------------------------------------------
run_port_merge_owned.ps1	105	DOT	. l2src/l2units_build.ps1 || $plainObjs += @(Build-L2RuntimeUnits -L1Trans $l1trans -Out (Join-Path $out 'l2units') -IncludeDirs @($hdrs) -CFlags $cflags) || 
run_port_merge_owned.ps1	149	TS	$ev.sourceSHA256 = (Get-FileHash -LiteralPath $lm2).Hash || $gen = Join-Path $out 'generated.lm1' || Step 'l2trans_module' (Invoke-Native ((Q $l2exe) + ' ' + (Q $lm2) + ' ' + (Q $gen)) (Join-Path $out 'module.l2trans.log')) (Join-Path $out 'module.l2trans.log')
run_port_merge_owned.ps1	249	TS	$ev.generatedSHA256 = (Get-FileHash -LiteralPath $gen).Hash || $ev.l2transSHA256 = (Get-FileHash -LiteralPath $l2exe).Hash || 
run_port_merge_owned.ps1	250	TS	$ev.l2transSHA256 = (Get-FileHash -LiteralPath $l2exe).Hash ||  || $evPath = Join-Path $out 'evidence.json'
run_port_message.ps1	54	TP	if (-not (Test-Path -LiteralPath $TranslatorPath)) { throw "missing L1 translator $TranslatorPath" } || $l1trans = (Resolve-Path -LiteralPath $TranslatorPath).ProviderPath || 
run_port_message.ps1	59	TS	if ($pin -notmatch '^[0-9A-F]{64}$') { throw "l2src/L1_PIN.txt must hold one 64-hex SHA256, got '$pin'" } || $l1transHash = (Get-FileHash -LiteralPath $l1trans).Hash || if ($l1transHash -ne $pin) { throw "translator $l1trans is $l1transHash, but l2src/L1_PIN.txt pins $pin" }
run_port_message.ps1	60	TS	$l1transHash = (Get-FileHash -LiteralPath $l1trans).Hash || if ($l1transHash -ne $pin) { throw "translator $l1trans is $l1transHash, but l2src/L1_PIN.txt pins $pin" } || 
run_port_message.ps1	63	TP	if (-not (Test-Path -LiteralPath $SourcePath)) { throw "missing L2 source $SourcePath" } || $lm2 = (Resolve-Path -LiteralPath $SourcePath).ProviderPath || 
run_port_message.ps1	85	TP	$tail = if (Test-Path -LiteralPath $log) { (Get-Content -LiteralPath $log -Raw) } else { '' } || throw "$name exit $code`n$tail" || }
run_port_message.ps1	92	SP	$proc = Start-Process -FilePath $exe -WorkingDirectory $work -WindowStyle Hidden -PassThru ` || -RedirectStandardOutput $stdoutPath -RedirectStandardError $stderrPath || $null = $proc.Handle
run_port_message.ps1	126	TS	$ev = [ordered]@{ stamp = $stamp; baseline = $baseline; translator = $l1trans; translatorSHA256 = $l1transHash; source = $lm2; sourceSHA256 = (Get-FileHash -LiteralPath $lm2).Hash; extraSources = @($ExtraSources); extraIncludeDirs = @($ExtraIncludeDirs) } ||  || # ---------------------------------------------------------------------------
run_port_message.ps1	178	DOT	. l2src/l2units_build.ps1 || $objs += @(Build-L2RuntimeUnits -L1Trans $l1trans -Out (Join-Path $out 'l2units') -IncludeDirs @($hdrs) -CFlags $cflags) || $objList = ($objs | ForEach-Object { Q $_ }) -join ' '
run_port_message.ps1	375	TS	$ev.generatedSHA256 = (Get-FileHash -LiteralPath $gen).Hash || $ev.l2transSHA256 = (Get-FileHash -LiteralPath $l2exe).Hash || 
run_port_message.ps1	376	TS	$ev.l2transSHA256 = (Get-FileHash -LiteralPath $l2exe).Hash ||  || $evPath = Join-Path $out 'evidence.json'
run_port_message_graph_copy.ps1	29	TP	if (-not (Test-Path -LiteralPath $TranslatorPath)) { throw "missing L1 translator $TranslatorPath" } || $l1trans = (Resolve-Path -LiteralPath $TranslatorPath).ProviderPath || 
run_port_message_graph_copy.ps1	34	TS	if ($pin -notmatch '^[0-9A-F]{64}$') { throw "l2src/L1_PIN.txt must hold one 64-hex SHA256, got '$pin'" } || $l1transHash = (Get-FileHash -LiteralPath $l1trans).Hash || if ($l1transHash -ne $pin) { throw "translator $l1trans is $l1transHash, but l2src/L1_PIN.txt pins $pin" }
run_port_message_graph_copy.ps1	35	TS	$l1transHash = (Get-FileHash -LiteralPath $l1trans).Hash || if ($l1transHash -ne $pin) { throw "translator $l1trans is $l1transHash, but l2src/L1_PIN.txt pins $pin" } || 
run_port_message_graph_copy.ps1	55	TP	$tail = if (Test-Path -LiteralPath $log) { (Get-Content -LiteralPath $log -Raw) } else { '' } || throw "$name exit $code`n$tail" || }
run_port_message_graph_copy.ps1	60	TS	$ev = [ordered]@{ stamp = $stamp; baseline = $baseline; translator = $l1trans; translatorSHA256 = $l1transHash } ||  || # ---------------------------------------------------------------------------
run_port_message_graph_copy.ps1	90	DOT	. l2src/l2units_build.ps1 || $objs += @(Build-L2RuntimeUnits -L1Trans $l1trans -Out (Join-Path $out 'l2units') -IncludeDirs @($hdrs) -CFlags $cflags) || $objList = ($objs | ForEach-Object { Q $_ }) -join ' '
run_port_message_graph_copy.ps1	123	TS	$ev.sourceSHA256 = (Get-FileHash -LiteralPath $lm2).Hash || $gen = Join-Path $out 'generated.lm1' || Step 'l2trans_module' (Invoke-Native ((Q $l2exe) + ' ' + (Q $lm2) + ' ' + (Q $gen)) (Join-Path $out 'module.l2trans.log')) (Join-Path $out 'module.l2trans.log')
run_port_message_graph_copy.ps1	205	TS	$ev.generatedSHA256 = (Get-FileHash -LiteralPath $gen).Hash || $ev.l2transSHA256 = (Get-FileHash -LiteralPath $l2exe).Hash || 
run_port_message_graph_copy.ps1	206	TS	$ev.l2transSHA256 = (Get-FileHash -LiteralPath $l2exe).Hash ||  || $evPath = Join-Path $out 'evidence.json'
run_port_msg_blocks.ps1	33	TP	if (-not (Test-Path -LiteralPath $TranslatorPath)) { throw "missing L1 translator $TranslatorPath" } || $l1trans = (Resolve-Path -LiteralPath $TranslatorPath).ProviderPath || 
run_port_msg_blocks.ps1	52	TP	$tail = if (Test-Path -LiteralPath $log) { (Get-Content -LiteralPath $log -Raw) } else { '' } || throw "$name exit $code`n$tail" || }
run_port_msg_blocks.ps1	120	TS	$ev.sourceSHA256 = (Get-FileHash -LiteralPath $lm2).Hash || $gen = Join-Path $out 'generated.lm1' || Step 'l2trans_module' (Invoke-Native ((Q $l2exe) + ' ' + (Q $lm2) + ' ' + (Q $gen)) (Join-Path $out 'module.l2trans.log')) (Join-Path $out 'module.l2trans.log')
run_port_msg_blocks.ps1	190	DOT	. l2src/l2units_build.ps1 || $objs += @(Build-L2RuntimeUnits -L1Trans $l1trans -Out (Join-Path $out 'l2units') -IncludeDirs @($hdrs) -CFlags $cflags) || $objList = ($objs | ForEach-Object { Q $_ }) -join ' '
run_port_msg_blocks.ps1	217	TS	$ev.generatedSHA256 = (Get-FileHash -LiteralPath $gen).Hash || $ev.l2transSHA256 = (Get-FileHash -LiteralPath $l2exe).Hash || 
run_port_msg_blocks.ps1	218	TS	$ev.l2transSHA256 = (Get-FileHash -LiteralPath $l2exe).Hash ||  || $evPath = Join-Path $out 'evidence.json'
run_port_msg_history_owned.ps1	30	TP	if (-not (Test-Path -LiteralPath $TranslatorPath)) { throw "missing L1 translator $TranslatorPath" } || $l1trans = (Resolve-Path -LiteralPath $TranslatorPath).ProviderPath || 
run_port_msg_history_owned.ps1	35	TS	if ($pin -notmatch '^[0-9A-F]{64}$') { throw "l2src/L1_PIN.txt must hold one 64-hex SHA256, got '$pin'" } || $l1transHash = (Get-FileHash -LiteralPath $l1trans).Hash || if ($l1transHash -ne $pin) { throw "translator $l1trans is $l1transHash, but l2src/L1_PIN.txt pins $pin" }
run_port_msg_history_owned.ps1	36	TS	$l1transHash = (Get-FileHash -LiteralPath $l1trans).Hash || if ($l1transHash -ne $pin) { throw "translator $l1trans is $l1transHash, but l2src/L1_PIN.txt pins $pin" } || 
run_port_msg_history_owned.ps1	57	TP	$tail = if (Test-Path -LiteralPath $log) { (Get-Content -LiteralPath $log -Raw) } else { '' } || throw "$name exit $code`n$tail" || }
run_port_msg_history_owned.ps1	62	TS	$ev = [ordered]@{ stamp = $stamp; baseline = $baseline; translator = $l1trans; translatorSHA256 = $l1transHash } ||  || $names = @('lmx_msg_blocks', 'lmx_owned_ranges', 'lmx_msg_storage', 'lmx_msg_path_storage', 'lmx_msg_slots', 'lmx_msg_mail_chain', 'lmx_msg_visit', 'lmx_msg_liveness', 'lmx_msg_history_owned', 'lmx_msg_roots_stale', 'lmx_branch_owned', 'lmx_value_owned', 'lmx_chars_owned', 'lmx_array_owned', 'lmx_array_ref_owned', 'lmx_graph_copy_owned', 'lmx_merge_owned', 'lmx_message_graph_copy')
run_port_msg_history_owned.ps1	90	DOT	. l2src/l2units_build.ps1 || $objs += @(Build-L2RuntimeUnits -L1Trans $l1trans -Out (Join-Path $out 'l2units') -IncludeDirs @($hdrs) -CFlags $cflags) || $objList = ($objs | ForEach-Object { Q $_ }) -join ' '
run_port_msg_history_owned.ps1	120	TS	$ev.sourceSHA256 = (Get-FileHash -LiteralPath $lm2).Hash || $gen = Join-Path $out 'generated.lm1' || Step 'l2trans_module' (Invoke-Native ((Q $l2exe) + ' ' + (Q $lm2) + ' ' + (Q $gen)) (Join-Path $out 'module.l2trans.log')) (Join-Path $out 'module.l2trans.log')
run_port_msg_history_owned.ps1	209	TS	$ev.generatedSHA256 = (Get-FileHash -LiteralPath $gen).Hash || $ev.l2transSHA256 = (Get-FileHash -LiteralPath $l2exe).Hash || 
run_port_msg_history_owned.ps1	210	TS	$ev.l2transSHA256 = (Get-FileHash -LiteralPath $l2exe).Hash ||  || $evPath = Join-Path $out 'evidence.json'
run_port_msg_liveness.ps1	26	TP	if (-not (Test-Path -LiteralPath $TranslatorPath)) { throw "missing L1 translator $TranslatorPath" } || $l1trans = (Resolve-Path -LiteralPath $TranslatorPath).ProviderPath || 
run_port_msg_liveness.ps1	31	TS	if ($pin -notmatch '^[0-9A-F]{64}$') { throw "l2src/L1_PIN.txt must hold one 64-hex SHA256, got '$pin'" } || $l1transHash = (Get-FileHash -LiteralPath $l1trans).Hash || if ($l1transHash -ne $pin) { throw "translator $l1trans is $l1transHash, but l2src/L1_PIN.txt pins $pin" }
run_port_msg_liveness.ps1	32	TS	$l1transHash = (Get-FileHash -LiteralPath $l1trans).Hash || if ($l1transHash -ne $pin) { throw "translator $l1trans is $l1transHash, but l2src/L1_PIN.txt pins $pin" } || 
run_port_msg_liveness.ps1	52	TP	$tail = if (Test-Path -LiteralPath $log) { (Get-Content -LiteralPath $log -Raw) } else { '' } || throw "$name exit $code`n$tail" || }
run_port_msg_liveness.ps1	57	TS	$ev = [ordered]@{ stamp = $stamp; baseline = $baseline; translator = $l1trans; translatorSHA256 = $l1transHash } ||  || $names = @('lmx_msg_blocks', 'lmx_owned_ranges', 'lmx_msg_storage', 'lmx_msg_path_storage', 'lmx_msg_slots', 'lmx_msg_mail_chain', 'lmx_msg_visit', 'lmx_msg_liveness', 'lmx_msg_history_owned', 'lmx_msg_roots_stale', 'lmx_branch_owned', 'lmx_value_owned', 'lmx_chars_owned', 'lmx_array_owned', 'lmx_array_ref_owned', 'lmx_graph_copy_owned', 'lmx_merge_owned', 'lmx_message_graph_copy')
run_port_msg_liveness.ps1	86	DOT	. l2src/l2units_build.ps1 || $objs += @(Build-L2RuntimeUnits -L1Trans $l1trans -Out (Join-Path $out 'l2units') -IncludeDirs @($hdrs) -CFlags $cflags) || $objList = ($objs | ForEach-Object { Q $_ }) -join ' '
run_port_msg_liveness.ps1	113	TS	$ev.sourceSHA256 = (Get-FileHash -LiteralPath $lm2).Hash || $gen = Join-Path $out 'generated.lm1' || Step 'l2trans_module' (Invoke-Native ((Q $l2exe) + ' ' + (Q $lm2) + ' ' + (Q $gen)) (Join-Path $out 'module.l2trans.log')) (Join-Path $out 'module.l2trans.log')
run_port_msg_liveness.ps1	187	TS	$ev.generatedSHA256 = (Get-FileHash -LiteralPath $gen).Hash || $ev.l2transSHA256 = (Get-FileHash -LiteralPath $l2exe).Hash || 
run_port_msg_liveness.ps1	188	TS	$ev.l2transSHA256 = (Get-FileHash -LiteralPath $l2exe).Hash ||  || $evPath = Join-Path $out 'evidence.json'
run_port_msg_mail_chain.ps1	35	TP	if (-not (Test-Path -LiteralPath $TranslatorPath)) { throw "missing L1 translator $TranslatorPath" } || $l1trans = (Resolve-Path -LiteralPath $TranslatorPath).ProviderPath || 
run_port_msg_mail_chain.ps1	42	TS	if ($pin -notmatch '^[0-9A-F]{64}$') { throw "l2src/L1_PIN.txt must hold one 64-hex SHA256, got '$pin'" } || $l1transHash = (Get-FileHash -LiteralPath $l1trans).Hash || if ($l1transHash -ne $pin) { throw "translator $l1trans is $l1transHash, but l2src/L1_PIN.txt pins $pin" }
run_port_msg_mail_chain.ps1	43	TS	$l1transHash = (Get-FileHash -LiteralPath $l1trans).Hash || if ($l1transHash -ne $pin) { throw "translator $l1trans is $l1transHash, but l2src/L1_PIN.txt pins $pin" } || 
run_port_msg_mail_chain.ps1	63	TP	$tail = if (Test-Path -LiteralPath $log) { (Get-Content -LiteralPath $log -Raw) } else { '' } || throw "$name exit $code`n$tail" || }
run_port_msg_mail_chain.ps1	68	TS	$ev = [ordered]@{ stamp = $stamp; baseline = $baseline; translator = $l1trans; translatorSHA256 = $l1transHash } ||  || # ---------------------------------------------------------------------------
run_port_msg_mail_chain.ps1	98	DOT	. l2src/l2units_build.ps1 || $objs += @(Build-L2RuntimeUnits -L1Trans $l1trans -Out (Join-Path $out 'l2units') -IncludeDirs @($hdrs) -CFlags $cflags) || $objList = ($objs | ForEach-Object { Q $_ }) -join ' '
run_port_msg_mail_chain.ps1	132	TS	$ev.sourceSHA256 = (Get-FileHash -LiteralPath $lm2).Hash || $gen = Join-Path $out 'generated.lm1' || Step 'l2trans_module' (Invoke-Native ((Q $l2exe) + ' ' + (Q $lm2) + ' ' + (Q $gen)) (Join-Path $out 'module.l2trans.log')) (Join-Path $out 'module.l2trans.log')
run_port_msg_mail_chain.ps1	198	TS	$ev.generatedSHA256 = (Get-FileHash -LiteralPath $gen).Hash || $ev.l2transSHA256 = (Get-FileHash -LiteralPath $l2exe).Hash || 
run_port_msg_mail_chain.ps1	199	TS	$ev.l2transSHA256 = (Get-FileHash -LiteralPath $l2exe).Hash ||  || $evPath = Join-Path $out 'evidence.json'
run_port_msg_path_storage.ps1	32	TP	if (-not (Test-Path -LiteralPath $TranslatorPath)) { throw "missing L1 translator $TranslatorPath" } || $l1trans = (Resolve-Path -LiteralPath $TranslatorPath).ProviderPath || 
run_port_msg_path_storage.ps1	52	TP	$tail = if (Test-Path -LiteralPath $log) { (Get-Content -LiteralPath $log -Raw) } else { '' } || throw "$name exit $code`n$tail" || }
run_port_msg_path_storage.ps1	108	DOT	. l2src/l2units_build.ps1 || $objs += @(Build-L2RuntimeUnits -L1Trans $l1trans -Out (Join-Path $out 'l2units') -IncludeDirs @($hdrs) -CFlags $cflags) || $objList = ($objs | ForEach-Object { Q $_ }) -join ' '
run_port_msg_path_storage.ps1	145	TS	$ev.sourceSHA256 = (Get-FileHash -LiteralPath $lm2).Hash || $gen = Join-Path $out 'generated.lm1' || Step 'l2trans_module' (Invoke-Native ((Q $l2exe) + ' ' + (Q $lm2) + ' ' + (Q $gen)) (Join-Path $out 'module.l2trans.log')) (Join-Path $out 'module.l2trans.log')
run_port_msg_path_storage.ps1	292	TS	$ev.generatedSHA256 = (Get-FileHash -LiteralPath $gen).Hash || $ev.driveSHA256 = (Get-FileHash -LiteralPath $driveLm1).Hash || $ev.l2transSHA256 = (Get-FileHash -LiteralPath $l2exe).Hash
run_port_msg_path_storage.ps1	293	TS	$ev.driveSHA256 = (Get-FileHash -LiteralPath $driveLm1).Hash || $ev.l2transSHA256 = (Get-FileHash -LiteralPath $l2exe).Hash || 
run_port_msg_path_storage.ps1	294	TS	$ev.l2transSHA256 = (Get-FileHash -LiteralPath $l2exe).Hash ||  || $evPath = Join-Path $out 'evidence.json'
run_port_msg_roots_stale.ps1	29	TP	if (-not (Test-Path -LiteralPath $TranslatorPath)) { throw "missing L1 translator $TranslatorPath" } || $l1trans = (Resolve-Path -LiteralPath $TranslatorPath).ProviderPath || 
run_port_msg_roots_stale.ps1	34	TS	if ($pin -notmatch '^[0-9A-F]{64}$') { throw "l2src/L1_PIN.txt must hold one 64-hex SHA256, got '$pin'" } || $l1transHash = (Get-FileHash -LiteralPath $l1trans).Hash || if ($l1transHash -ne $pin) { throw "translator $l1trans is $l1transHash, but l2src/L1_PIN.txt pins $pin" }
run_port_msg_roots_stale.ps1	35	TS	$l1transHash = (Get-FileHash -LiteralPath $l1trans).Hash || if ($l1transHash -ne $pin) { throw "translator $l1trans is $l1transHash, but l2src/L1_PIN.txt pins $pin" } || 
run_port_msg_roots_stale.ps1	56	TP	$tail = if (Test-Path -LiteralPath $log) { (Get-Content -LiteralPath $log -Raw) } else { '' } || throw "$name exit $code`n$tail" || }
run_port_msg_roots_stale.ps1	61	TS	$ev = [ordered]@{ stamp = $stamp; baseline = $baseline; translator = $l1trans; translatorSHA256 = $l1transHash } ||  || $names = @('lmx_msg_blocks', 'lmx_owned_ranges', 'lmx_msg_storage', 'lmx_msg_path_storage', 'lmx_msg_slots', 'lmx_msg_mail_chain', 'lmx_msg_visit', 'lmx_msg_liveness', 'lmx_msg_history_owned', 'lmx_msg_roots_stale', 'lmx_branch_owned', 'lmx_value_owned', 'lmx_chars_owned', 'lmx_array_owned', 'lmx_array_ref_owned', 'lmx_graph_copy_owned', 'lmx_merge_owned', 'lmx_message_graph_copy')
run_port_msg_roots_stale.ps1	89	DOT	. l2src/l2units_build.ps1 || $objs += @(Build-L2RuntimeUnits -L1Trans $l1trans -Out (Join-Path $out 'l2units') -IncludeDirs @($hdrs) -CFlags $cflags) || $objList = ($objs | ForEach-Object { Q $_ }) -join ' '
run_port_msg_roots_stale.ps1	121	TS	$ev.sourceSHA256 = (Get-FileHash -LiteralPath $lm2).Hash || $gen = Join-Path $out 'generated.lm1' || Step 'l2trans_module' (Invoke-Native ((Q $l2exe) + ' ' + (Q $lm2) + ' ' + (Q $gen)) (Join-Path $out 'module.l2trans.log')) (Join-Path $out 'module.l2trans.log')
run_port_msg_roots_stale.ps1	190	TS	$ev.generatedSHA256 = (Get-FileHash -LiteralPath $gen).Hash || $ev.l2transSHA256 = (Get-FileHash -LiteralPath $l2exe).Hash || 
run_port_msg_roots_stale.ps1	191	TS	$ev.l2transSHA256 = (Get-FileHash -LiteralPath $l2exe).Hash ||  || $evPath = Join-Path $out 'evidence.json'
run_port_msg_slots.ps1	31	TP	if (-not (Test-Path -LiteralPath $TranslatorPath)) { throw "missing L1 translator $TranslatorPath" } || $l1trans = (Resolve-Path -LiteralPath $TranslatorPath).ProviderPath || 
run_port_msg_slots.ps1	51	TP	$tail = if (Test-Path -LiteralPath $log) { (Get-Content -LiteralPath $log -Raw) } else { '' } || throw "$name exit $code`n$tail" || }
run_port_msg_slots.ps1	86	DOT	. l2src/l2units_build.ps1 || $objs += @(Build-L2RuntimeUnits -L1Trans $l1trans -Out (Join-Path $out 'l2units') -IncludeDirs @($hdrs) -CFlags $cflags) || $objList = ($objs | ForEach-Object { Q $_ }) -join ' '
run_port_msg_slots.ps1	116	TS	$ev.sourceSHA256 = (Get-FileHash -LiteralPath $lm2).Hash || $gen = Join-Path $out 'generated.lm1' || Step 'l2trans_module' (Invoke-Native ((Q $l2exe) + ' ' + (Q $lm2) + ' ' + (Q $gen)) (Join-Path $out 'module.l2trans.log')) (Join-Path $out 'module.l2trans.log')
run_port_msg_slots.ps1	244	TS	$ev.generatedSHA256 = (Get-FileHash -LiteralPath $gen).Hash || $ev.driveSHA256 = (Get-FileHash -LiteralPath $driveLm1).Hash || $ev.l2transSHA256 = (Get-FileHash -LiteralPath $l2exe).Hash
run_port_msg_slots.ps1	245	TS	$ev.driveSHA256 = (Get-FileHash -LiteralPath $driveLm1).Hash || $ev.l2transSHA256 = (Get-FileHash -LiteralPath $l2exe).Hash || 
run_port_msg_slots.ps1	246	TS	$ev.l2transSHA256 = (Get-FileHash -LiteralPath $l2exe).Hash ||  || $evPath = Join-Path $out 'evidence.json'
run_port_msg_storage.ps1	28	TP	if (-not (Test-Path -LiteralPath $TranslatorPath)) { throw "missing L1 translator $TranslatorPath" } || $l1trans = (Resolve-Path -LiteralPath $TranslatorPath).ProviderPath || 
run_port_msg_storage.ps1	48	TP	$tail = if (Test-Path -LiteralPath $log) { (Get-Content -LiteralPath $log -Raw) } else { '' } || throw "$name exit $code`n$tail" || }
run_port_msg_storage.ps1	84	DOT	. l2src/l2units_build.ps1 || $objs += @(Build-L2RuntimeUnits -L1Trans $l1trans -Out (Join-Path $out 'l2units') -IncludeDirs @($hdrs) -CFlags $cflags) || $objList = ($objs | ForEach-Object { Q $_ }) -join ' '
run_port_msg_storage.ps1	117	TS	$ev.sourceSHA256 = (Get-FileHash -LiteralPath $lm2).Hash || # L2 has no define form, so the .lm2 spells 0 and 1 where the handwritten || # module spells the header names. The selftest pins the OK/INVALID contract
run_port_msg_storage.ps1	251	TS	$ev.generatedSHA256 = (Get-FileHash -LiteralPath $gen).Hash || $ev.driveSHA256 = (Get-FileHash -LiteralPath $driveLm1).Hash || $ev.l2transSHA256 = (Get-FileHash -LiteralPath $l2exe).Hash
run_port_msg_storage.ps1	252	TS	$ev.driveSHA256 = (Get-FileHash -LiteralPath $driveLm1).Hash || $ev.l2transSHA256 = (Get-FileHash -LiteralPath $l2exe).Hash || 
run_port_msg_storage.ps1	253	TS	$ev.l2transSHA256 = (Get-FileHash -LiteralPath $l2exe).Hash ||  || $evPath = Join-Path $out 'evidence.json'
run_port_msg_visit.ps1	27	TP	if (-not (Test-Path -LiteralPath $TranslatorPath)) { throw "missing L1 translator $TranslatorPath" } || $l1trans = (Resolve-Path -LiteralPath $TranslatorPath).ProviderPath || 
run_port_msg_visit.ps1	32	TS	if ($pin -notmatch '^[0-9A-F]{64}$') { throw "l2src/L1_PIN.txt must hold one 64-hex SHA256, got '$pin'" } || $l1transHash = (Get-FileHash -LiteralPath $l1trans).Hash || if ($l1transHash -ne $pin) { throw "translator $l1trans is $l1transHash, but l2src/L1_PIN.txt pins $pin" }
run_port_msg_visit.ps1	33	TS	$l1transHash = (Get-FileHash -LiteralPath $l1trans).Hash || if ($l1transHash -ne $pin) { throw "translator $l1trans is $l1transHash, but l2src/L1_PIN.txt pins $pin" } || 
run_port_msg_visit.ps1	54	TP	$tail = if (Test-Path -LiteralPath $log) { (Get-Content -LiteralPath $log -Raw) } else { '' } || throw "$name exit $code`n$tail" || }
run_port_msg_visit.ps1	59	TS	$ev = [ordered]@{ stamp = $stamp; baseline = $baseline; translator = $l1trans; translatorSHA256 = $l1transHash } ||  || $names = @('lmx_msg_blocks', 'lmx_owned_ranges', 'lmx_msg_storage', 'lmx_msg_path_storage', 'lmx_msg_slots', 'lmx_msg_mail_chain', 'lmx_msg_visit', 'lmx_msg_liveness', 'lmx_msg_history_owned', 'lmx_msg_roots_stale', 'lmx_branch_owned', 'lmx_value_owned', 'lmx_chars_owned', 'lmx_array_owned', 'lmx_array_ref_owned', 'lmx_graph_copy_owned', 'lmx_merge_owned', 'lmx_message_graph_copy')
run_port_msg_visit.ps1	85	DOT	. l2src/l2units_build.ps1 || $objs += @(Build-L2RuntimeUnits -L1Trans $l1trans -Out (Join-Path $out 'l2units') -IncludeDirs @($hdrs) -CFlags $cflags) || $objList = ($objs | ForEach-Object { Q $_ }) -join ' '
run_port_msg_visit.ps1	114	TS	$ev.sourceSHA256 = (Get-FileHash -LiteralPath $lm2).Hash || $gen = Join-Path $out 'generated.lm1' || Step 'l2trans_module' (Invoke-Native ((Q $l2exe) + ' ' + (Q $lm2) + ' ' + (Q $gen)) (Join-Path $out 'module.l2trans.log')) (Join-Path $out 'module.l2trans.log')
run_port_msg_visit.ps1	203	TS	$ev.generatedSHA256 = (Get-FileHash -LiteralPath $gen).Hash || $ev.l2transSHA256 = (Get-FileHash -LiteralPath $l2exe).Hash || 
run_port_msg_visit.ps1	204	TS	$ev.l2transSHA256 = (Get-FileHash -LiteralPath $l2exe).Hash ||  || $evPath = Join-Path $out 'evidence.json'
run_port_owned_ranges.ps1	35	TP	if (-not (Test-Path -LiteralPath $TranslatorPath)) { throw "missing L1 translator $TranslatorPath" } || $l1trans = (Resolve-Path -LiteralPath $TranslatorPath).ProviderPath || 
run_port_owned_ranges.ps1	54	TP	$tail = if (Test-Path -LiteralPath $log) { (Get-Content -LiteralPath $log -Raw) } else { '' } || throw "$name exit $code`n$tail" || }
run_port_owned_ranges.ps1	118	TS	$ev.sourceSHA256 = (Get-FileHash -LiteralPath $lm2).Hash || $gen = Join-Path $out 'generated.lm1' || Step 'l2trans_module' (Invoke-Native ((Q $l2exe) + ' ' + (Q $lm2) + ' ' + (Q $gen)) (Join-Path $out 'module.l2trans.log')) (Join-Path $out 'module.l2trans.log')
run_port_owned_ranges.ps1	182	DOT	. l2src/l2units_build.ps1 || $objs += @(Build-L2RuntimeUnits -L1Trans $l1trans -Out (Join-Path $out 'l2units') -IncludeDirs @($hdrs) -CFlags $cflags) || $objList = ($objs | ForEach-Object { Q $_ }) -join ' '
run_port_owned_ranges.ps1	209	TS	$ev.generatedSHA256 = (Get-FileHash -LiteralPath $gen).Hash || $ev.l2transSHA256 = (Get-FileHash -LiteralPath $l2exe).Hash || 
run_port_owned_ranges.ps1	210	TS	$ev.l2transSHA256 = (Get-FileHash -LiteralPath $l2exe).Hash ||  || $evPath = Join-Path $out 'evidence.json'
run_port_parser.ps1	34	TP	if (-not (Test-Path $dumpSrc)) { throw "missing $dumpSrc" } || $dumpDriverSrc = Join-Path $PSScriptRoot "p0_dump_driver.c" || if (-not (Test-Path $dumpDriverSrc)) { throw "missing $dumpDriverSrc" }
run_port_parser.ps1	36	TP	if (-not (Test-Path $dumpDriverSrc)) { throw "missing $dumpDriverSrc" } ||  || $pin = (Get-Content (Join-Path $PSScriptRoot "L1_PIN.txt")).Trim()
run_port_parser.ps1	40	TP	if (-not (Test-Path $l1trans)) { throw "missing pinned l1trans: $l1trans" } || $gotPin = (Get-FileHash -LiteralPath $l1trans -Algorithm SHA256).Hash || if ($gotPin -ne $pin) { throw "pinned l1trans hash mismatch: got $gotPin want $pin" }
run_port_parser.ps1	41	TS	$gotPin = (Get-FileHash -LiteralPath $l1trans -Algorithm SHA256).Hash || if ($gotPin -ne $pin) { throw "pinned l1trans hash mismatch: got $gotPin want $pin" } || 
run_port_parser.ps1	69	SP	# cmd /c, not Start-Process -Wait, which costs ~1 s per launch || # (l2src/PORT_PARSER_TIMING.txt). Only stdout is redirected, as before. || cmd /c "`"$ExeRef`" `"$($file.FullName)`" > `"$refOut`""
run_port_parser.ps1	126	DOT	. l2src/l2units_build.ps1 || $rtObjs += @(Build-L2RuntimeUnits -L1Trans $l1trans -Out (Join-Path $out 'l2units') -IncludeDirs @($rtHeaderRoot) -CFlags '-std=c99 -w -I .') || 
run_port_parser.ps1	134	TP	if (-not (Test-Path $allocCounterObj)) { || Invoke-Gcc @("-std=c99", "-w", "-c", "l2src\p0_dump_alloc_counter.c", "-o", $allocCounterObj) (Join-Path $log "compile_p0_dump_alloc_counter.log") || }
run_port_parser.ps1	482	TP	if (-not (Test-Path $parserSrc)) { throw "missing $parserSrc" } ||  || # ---- Reference builds: pristine oracle, untouched, both drivers ----
run_port_value_owned.ps1	32	TP	if (-not (Test-Path -LiteralPath $TranslatorPath)) { throw "missing L1 translator $TranslatorPath" } || $l1trans = (Resolve-Path -LiteralPath $TranslatorPath).ProviderPath || 
run_port_value_owned.ps1	37	TS	if ($pin -notmatch '^[0-9A-F]{64}$') { throw "l2src/L1_PIN.txt must hold one 64-hex SHA256, got '$pin'" } || $l1transHash = (Get-FileHash -LiteralPath $l1trans).Hash || if ($l1transHash -ne $pin) { throw "translator $l1trans is $l1transHash, but l2src/L1_PIN.txt pins $pin" }
run_port_value_owned.ps1	38	TS	$l1transHash = (Get-FileHash -LiteralPath $l1trans).Hash || if ($l1transHash -ne $pin) { throw "translator $l1trans is $l1transHash, but l2src/L1_PIN.txt pins $pin" } || 
run_port_value_owned.ps1	58	TP	$tail = if (Test-Path -LiteralPath $log) { (Get-Content -LiteralPath $log -Raw) } else { '' } || throw "$name exit $code`n$tail" || }
run_port_value_owned.ps1	63	TS	$ev = [ordered]@{ stamp = $stamp; baseline = $baseline; translator = $l1trans; translatorSHA256 = $l1transHash } ||  || # Every exported operation is redirected, or the test would quietly keep
run_port_value_owned.ps1	105	DOT	. l2src/l2units_build.ps1 || $objs += @(Build-L2RuntimeUnits -L1Trans $l1trans -Out (Join-Path $out 'l2units') -IncludeDirs @($hdrs) -CFlags $cflags) || $objList = ($objs | ForEach-Object { Q $_ }) -join ' '
run_port_value_owned.ps1	135	TS	$ev.sourceSHA256 = (Get-FileHash -LiteralPath $lm2).Hash || $gen = Join-Path $out 'generated.lm1' || Step 'l2trans_module' (Invoke-Native ((Q $l2exe) + ' ' + (Q $lm2) + ' ' + (Q $gen)) (Join-Path $out 'module.l2trans.log')) (Join-Path $out 'module.l2trans.log')
run_port_value_owned.ps1	243	TS	$ev.generatedSHA256 = (Get-FileHash -LiteralPath $gen).Hash || $ev.l2transSHA256 = (Get-FileHash -LiteralPath $l2exe).Hash || 
run_port_value_owned.ps1	244	TS	$ev.l2transSHA256 = (Get-FileHash -LiteralPath $l2exe).Hash ||  || $evPath = Join-Path $out 'evidence.json'
run_sched_record.ps1	22	TP	if (-not (Test-Path -LiteralPath $TranslatorPath)) { throw "missing L1 translator $TranslatorPath" } || $l1trans = (Resolve-Path -LiteralPath $TranslatorPath).ProviderPath || 
run_sched_record.ps1	27	TS	if ($pin -notmatch '^[0-9A-F]{64}$') { throw "l2src/L1_PIN.txt must hold one 64-hex SHA256, got '$pin'" } || $l1transHash = (Get-FileHash -LiteralPath $l1trans).Hash || if ($l1transHash -ne $pin) { throw "translator $l1trans is $l1transHash, but l2src/L1_PIN.txt pins $pin" }
run_sched_record.ps1	28	TS	$l1transHash = (Get-FileHash -LiteralPath $l1trans).Hash || if ($l1transHash -ne $pin) { throw "translator $l1trans is $l1transHash, but l2src/L1_PIN.txt pins $pin" } || 
run_sched_record.ps1	31	TP	if (-not (Test-Path -LiteralPath $SourcePath)) { throw "missing L2 source $SourcePath" } || $lm2 = (Resolve-Path -LiteralPath $SourcePath).ProviderPath || $tracked = (Resolve-Path -LiteralPath 'l2src/lmx_sched_record.lm2').ProviderPath
run_sched_record.ps1	51	TP	$tail = if (Test-Path -LiteralPath $log) { (Get-Content -LiteralPath $log -Raw) } else { '' } || throw "$name exit $code`n$tail" || }
run_sched_record.ps1	56	SP	$proc = Start-Process -FilePath $exe -WorkingDirectory $work -WindowStyle Hidden -PassThru ` || -RedirectStandardOutput $stdoutPath -RedirectStandardError $stderrPath || $null = $proc.Handle
run_sched_record.ps1	70	TS	$ev = [ordered]@{ stamp = $stamp; baseline = $baseline; translator = $l1trans; translatorSHA256 = $l1transHash; source = $lm2; sourceSHA256 = (Get-FileHash -LiteralPath $lm2).Hash; testSHA256 = (Get-FileHash -LiteralPath 'l2src/tests/lmx_sched_record_selftest.lm1').Hash } ||  || # 1. The production runtime.
run_sched_record.ps1	157	TS	$ev.generatedSHA256 = (Get-FileHash -LiteralPath $gen).Hash || $evPath = Join-Path $out 'evidence.json' || $ev | ConvertTo-Json -Depth 6 | Set-Content -LiteralPath $evPath -Encoding utf8
run_turn_step_child_copies.ps1	6	TS	$sha = [Security.Cryptography.SHA256]::Create() || $rows = @() || foreach ($f in Get-ChildItem (Join-Path $PSScriptRoot 'tests') -Filter '*.lm1' | Sort-Object Name) {
